date,total,male,female,age_15-19,age_20-24,age_25-29,age_30-34,age_35-39,age_40-44,age_45-49,age_50-54,age_55-59,age_60-64,age_65_over,國中及以下,國小及以下,國中,高中_職,高中,高職,大專及以上,專科,大學及以上
"1978M01","2.01","1.82","2.39","5.01","4.55","1.77","0.18","0.54","0.49","0.58","1.22","0.98","0.97","0.73","1.41","0.92","3.12","4.11","4.32","3.98","3.28","4.54","2.06"
"1978M02","1.84","1.70","2.14","4.42","4.37","1.52","0.78","0.34","0.66","0.61","0.78","0.52","0.23","-","1.34","0.88","2.88","3.80","4.11","3.62","2.32","2.59","2.05"
"1978M03","1.76","1.62","2.03","3.41","4.66","1.53","0.58","0.44","0.78","0.42","1.29","0.55","0.32","0.58","1.17","0.73","2.65","4.11","4.38","3.96","2.35","3.33","1.39"
"1978M04","1.58","1.54","1.66","3.11","4.02","1.57","0.47","0.48","0.39","0.38","1.17","0.92","0.20","0.57","1.05","0.72","2.21","3.64","4.36","3.24","2.14","3.20","1.15"
"1978M05","1.70","1.82","1.44","3.30","3.89","1.88","0.86","0.25","0.22","0.60","0.98","1.75","0.72","-","1.13","0.79","2.27","3.57","3.75","3.46","2.72","3.77","1.76"
"1978M06","1.65","1.78","1.38","3.60","3.47","1.71","0.91","0.73","0.33","0.37","0.51","1.53","0.66","-","0.93","0.63","1.90","3.64","3.49","3.73","3.82","5.41","2.30"
"1978M07","1.84","1.66","2.18","5.44","4.20","1.30","0.67","0.55","0.12","0.25","0.49","0.54","0.04","-","0.90","0.47","2.36","4.42","3.44","4.96","4.47","4.82","4.10"
"1978M08","1.88","1.66","2.30","5.48","3.85","1.61","0.59","0.21","0.12","0.60","0.43","0.45","0.35","-","1.09","0.58","2.70","4.46","4.25","4.58","3.31","3.26","3.37"
"1978M09","1.89","1.74","2.18","4.38","4.10","1.89","0.75","0.39","0.62","0.51","0.70","0.44","0.70","-","1.12","0.68","2.42","3.88","4.13","3.73","4.48","4.26","4.72"
"1978M10","1.53","1.39","1.81","3.47","3.02","1.51","0.57","0.35","0.65","0.38","0.95","0.85","0.59","-","0.93","0.60","1.92","3.49","4.09","3.13","2.78","2.81","2.75"
"1978M11","1.12","0.99","1.39","2.59","2.42","1.07","0.69","0.18","0.34","0.29","0.56","0.26","0.20","-","0.59","0.33","1.45","2.49","2.29","2.61","3.03","3.21","2.83"
"1978M12","1.20","1.11","1.37","2.78","2.77","1.16","0.58","0.08","0.42","0.13","0.74","0.33","0.21","-","0.69","0.41","1.58","2.59","2.16","2.83","2.85","3.62","2.09"
"1979M01","1.29","1.26","1.34","2.58","3.67","1.17","0.34","0.23","0.30","0.20","0.62","0.62","0.35","-","0.82","0.56","1.65","2.70","2.65","2.72","2.47","2.94","2.01"
"1979M02","1.30","1.20","1.51","2.62","3.59","1.08","0.46","0.25","0.38","0.51","0.53","0.58","0.65","-","0.91","0.65","1.73","2.57","2.80","2.45","1.99","2.36","1.57"
"1979M03","1.19","1.04","1.49","2.50","3.62","0.97","0.34","0.28","0.17","0.32","0.39","0.52","0.35","-","0.76","0.49","1.60","2.63","1.89","3.05","1.70","2.14","1.23"
"1979M04","1.09","1.04","1.19","2.47","2.97","0.79","0.48","0.19","0.32","0.35","0.70","0.20","0.42","-","0.75","0.49","1.52","2.26","1.85","2.50","1.46","1.83","1.12"
"1979M05","1.18","1.13","1.28","2.45","3.13","1.06","0.37","0.33","0.33","0.43","0.73","0.34","0.38","-","0.86","0.65","1.48","2.28","2.07","2.39","1.52","1.78","1.26"
"1979M06","1.13","1.11","1.18","2.31","3.22","0.88","0.53","0.28","0.21","0.38","0.66","0.61","0.42","-","0.75","0.53","1.42","2.39","2.18","2.51","1.75","2.26","1.25"
"1979M07","1.54","1.14","2.31","5.07","3.44","0.95","0.37","0.27","0.07","0.35","0.53","0.65","0.37","-","0.81","0.36","2.11","3.67","2.89","4.07","3.04","3.52","2.62"
"1979M08","1.54","1.39","1.86","4.15","4.02","0.88","0.58","0.09","0.27","0.38","0.27","0.72","0.50","-","0.74","0.36","1.78","3.58","2.84","3.96","3.78","4.24","3.36"
"1979M09","1.41","1.33","1.58","3.65","3.37","1.11","0.49","0.15","0.38","0.23","0.47","0.89","0.55","-","0.77","0.44","1.70","3.14","2.99","3.22","3.04","3.32","2.75"
"1979M10","1.17","1.03","1.46","3.03","3.01","1.12","0.29","0.17","0.14","0.17","0.44","0.12","0.13","-","0.59","0.24","1.58","2.85","2.93","2.82","2.24","2.26","2.23"
"1979M11","1.20","1.04","1.53","3.22","3.02","1.18","0.32","0.27","0.10","0.31","0.07","0.19","0.14","-","0.74","0.43","1.60","2.69","2.84","2.60","1.94","2.40","1.46"
"1979M12","1.23","1.05","1.58","2.95","3.23","1.11","0.42","0.24","0.22","0.24","0.31","0.25","0.56","-","0.73","0.53","1.29","2.67","2.32","2.85","2.27","3.10","1.35"
"1980M01","0.95","0.91","1.04","2.03","2.42","1.02","0.53","0.13","0.17","0.13","0.31","0.46","0.57","-","0.46","0.32","0.87","2.17","2.21","2.15","2.09","2.97","1.14"
"1980M02","1.10","0.98","1.34","2.00","3.21","1.14","0.47","0.37","0.19","0.06","0.43","0.46","0.45","-","0.55","0.36","1.07","2.51","2.90","2.31","2.18","3.46","0.74"
"1980M03","1.06","1.00","1.16","2.15","3.09","0.97","0.59","0.24","0.20","0.43","0.21","0.40","-","-","0.61","0.35","1.33","2.37","2.41","2.35","1.45","2.16","0.67"
"1980M04","0.93","0.83","1.13","1.90","2.85","0.82","0.56","0.18","0.11","0.37","0.15","0.08","0.25","-","0.59","0.36","1.24","2.09","1.85","2.23","0.97","1.15","0.78"
"1980M05","1.19","1.07","1.42","2.62","2.94","1.46","0.54","0.24","0.13","0.42","0.61","0.27","0.64","-","0.75","0.56","1.30","2.64","2.61","2.66","1.44","1.29","1.59"
"1980M06","1.30","1.32","1.26","2.92","3.56","1.39","0.56","0.48","0.21","0.08","0.62","0.35","0.19","-","0.65","0.38","1.41","2.86","1.98","3.35","2.80","2.24","3.35"
"1980M07","1.52","1.35","1.86","4.63","3.74","1.11","0.51","0.31","0.14","0.19","0.46","0.62","0.30","-","0.79","0.40","1.87","3.00","1.86","3.61","3.68","3.27","4.10"
"1980M08","1.62","1.35","2.16","5.29","3.33","1.41","0.21","0.34","0.41","0.38","0.36","0.65","0.34","-","0.94","0.49","2.11","3.04","2.36","3.40","3.55","3.31","3.80"
"1980M09","1.36","1.14","1.81","4.39","3.29","0.91","0.27","0.35","0.14","0.35","0.41","0.30","0.06","-","0.76","0.36","1.73","2.79","1.92","3.24","2.64","2.67","2.61"
"1980M10","1.26","1.09","1.61","3.82","3.16","0.79","0.42","0.24","0.21","0.30","0.59","0.12","0.15","-","0.69","0.36","1.54","2.77","2.50","2.92","2.00","2.14","1.84"
"1980M11","1.20","1.05","1.49","3.29","2.73","0.96","0.36","0.45","0.15","0.23","0.61","0.80","0.41","-","0.71","0.39","1.52","2.49","2.27","2.62","1.91","2.46","1.32"
"1980M12","1.25","1.21","1.33","2.94","3.26","1.12","0.33","0.36","0.26","0.54","0.36","0.73","0.15","-","0.70","0.51","1.23","2.67","2.80","2.60","2.07","3.00","1.09"
"1981M01","0.96","0.87","1.14","2.06","2.67","0.78","0.32","0.60","0.18","0.23","0.29","0.37","0.14","-","0.60","0.39","1.16","1.88","1.50","2.09","1.54","1.89","1.16"
"1981M02","1.43","1.35","1.57","3.11","3.67","1.42","0.58","0.36","0.52","0.56","0.38","0.72","0.35","-","0.95","0.61","1.82","3.02","2.81","3.14","1.53","1.56","1.49"
"1981M03","1.09","0.95","1.37","2.18","3.18","0.93","0.52","0.48","0.41","0.34","0.30","0.34","0.39","-","0.75","0.49","1.44","2.32","2.14","2.43","0.88","1.25","0.50"
"1981M04","0.86","0.83","0.93","1.87","2.86","0.56","0.22","0.36","0.20","0.17","0.41","0.17","0.35","-","0.60","0.35","1.23","1.73","1.54","1.83","0.92","1.10","0.74"
"1981M05","1.01","0.90","1.23","2.64","2.69","0.72","0.39","0.29","0.24","0.48","0.52","0.40","0.25","-","0.70","0.35","1.66","1.95","1.67","2.11","1.23","1.70","0.79"
"1981M06","1.33","1.18","1.62","4.23","2.89","1.01","0.79","0.46","0.29","0.51","0.69","0.24","-","0.50","0.78","0.47","1.64","2.96","1.78","3.59","1.76","1.57","1.96"
"1981M07","1.48","1.20","2.02","5.49","3.49","0.86","0.40","0.21","0.20","0.14","0.66","0.18","0.11","-","0.76","0.36","1.81","3.20","1.79","3.96","2.84","3.16","2.49"
"1981M08","1.79","1.53","2.31","5.81","4.08","1.58","0.49","0.61","0.18","0.11","0.49","0.36","0.32","-","0.95","0.52","2.03","3.50","2.39","4.07","3.81","3.92","3.68"
"1981M09","1.69","1.51","2.05","5.42","4.32","1.29","0.50","0.35","0.33","0.28","0.45","0.39","0.04","-","0.99","0.54","2.08","3.09","2.55","3.35","3.34","3.74","2.90"
"1981M10","1.73","1.51","2.19","5.03","4.38","1.63","0.41","0.35","0.74","0.34","0.24","0.52","-","-","0.98","0.56","2.01","3.36","3.14","3.46","3.14","3.87","2.29"
"1981M11","1.55","1.43","1.80","3.59","4.09","1.45","0.80","0.42","0.44","0.61","0.45","0.40","0.06","-","0.84","0.48","1.72","2.91","3.00","2.86","3.25","4.04","2.30"
"1981M12","1.32","1.26","1.44","3.10","3.54","1.19","0.57","0.34","0.49","0.27","0.43","0.51","0.07","-","0.78","0.46","1.57","2.59","2.76","2.50","2.16","2.27","2.02"
"1982M01","1.36","1.27","1.53","3.57","3.37","1.15","0.34","0.72","0.42","0.35","0.72","0.30","0.26","-","0.99","0.63","1.85","2.27","2.40","2.21","1.82","2.23","1.37"
"1982M02","1.62","1.68","1.51","4.32","4.07","1.40","0.73","0.66","0.31","0.73","0.49","0.49","0.57","-","1.15","0.65","2.39","2.90","2.91","2.89","2.02","2.23","1.77"
"1982M03","1.32","1.37","1.22","3.07","3.58","1.16","0.68","0.76","0.57","0.17","0.30","0.47","0.50","-","0.98","0.67","1.75","2.28","2.48","2.17","1.55","1.62","1.48"
"1982M04","1.49","1.57","1.33","3.00","3.80","1.42","1.01","0.81","0.49","0.25","0.80","0.69","0.30","-","1.15","0.77","2.11","2.34","2.07","2.49","1.95","1.82","2.08"
"1982M05","1.98","1.99","1.95","3.86","4.97","2.33","1.10","1.15","0.41","0.41","0.85","0.74","0.70","-","1.37","0.87","2.59","3.58","3.47","3.63","2.60","2.69","2.50"
"1982M06","1.95","1.87","2.12","4.44","5.62","2.20","0.92","0.46","0.39","0.30","0.63","0.43","0.67","-","1.32","0.81","2.59","3.55","2.96","3.84","2.87","3.15","2.56"
"1982M07","2.21","1.98","2.64","6.56","5.96","1.95","0.61","0.58","0.33","0.48","0.90","0.29","0.30","-","1.39","0.68","3.14","3.69","4.17","3.46","4.19","4.12","4.26"
"1982M08","2.65","2.36","3.22","7.69","6.90","2.30","0.75","0.87","0.71","0.73","0.67","0.36","0.64","-","1.57","0.87","3.23","4.89","5.22","4.72","4.38","4.52","4.23"
"1982M09","2.68","2.49","3.06","7.29","6.87","2.31","1.17","0.89","0.82","0.71","0.57","0.88","0.64","-","1.60","1.01","3.00","5.04","4.42","5.35","4.31","4.68","3.88"
"1982M10","2.77","2.66","2.98","6.31","7.04","2.33","1.61","1.35","0.85","0.62","1.02","1.72","0.26","-","1.86","1.29","3.20","4.67","4.21","4.90","4.32","5.17","3.33"
"1982M11","2.71","2.75","2.63","5.93","6.22","2.84","1.25","1.39","0.88","0.90","1.71","1.18","0.99","-","1.75","1.19","3.08","5.03","4.25","5.41","3.82","4.38","3.20"
"1982M12","2.79","2.92","2.55","5.59","6.60","2.80","1.46","0.89","1.45","1.07","1.88","1.00","1.19","-","1.92","1.48","2.94","5.01","4.90","5.06","3.45","4.32","2.50"
"1983M01","2.73","2.65","2.87","5.80","6.98","2.25","1.25","1.26","1.09","1.35","1.12","1.76","0.93","-","1.76","1.29","2.88","5.03","5.04","5.02","3.80","4.76","2.67"
"1983M02","3.45","3.66","3.06","6.06","8.22","3.24","2.27","1.66","1.92","1.86","1.90","1.83","1.00","-","2.83","2.38","3.89","5.17","5.05","5.23","3.67","4.45","2.75"
"1983M03","2.91","3.07","2.60","5.79","6.87","3.23","1.84","1.12","1.00","1.40","1.72","1.57","0.48","-","2.35","1.73","3.81","4.39","4.86","4.17","3.31","3.81","2.78"
"1983M04","2.61","2.78","2.29","5.80","6.44","2.37","1.91","1.44","0.65","0.94","1.36","0.91","0.69","-","2.04","1.32","3.73","3.93","3.97","3.91","3.26","3.70","2.76"
"1983M05","2.42","2.46","2.37","5.30","6.21","2.25","1.27","1.53","0.69","0.66","1.41","1.19","0.59","-","1.74","1.25","2.90","4.28","2.90","4.88","2.65","3.11","2.14"
"1983M06","2.51","2.35","2.79","6.61","6.70","2.34","1.09","1.07","0.69","0.94","1.22","0.59","0.23","-","1.54","0.98","2.92","4.31","4.07","4.42","4.49","4.95","3.97"
"1983M07","2.88","2.63","3.34","8.75","7.37","2.48","1.09","0.77","0.82","0.87","1.11","0.64","0.13","-","1.65","0.88","3.51","4.99","5.31","4.84","5.43","6.17","4.63"
"1983M08","2.91","2.71","3.26","8.73","6.33","2.69","1.67","0.98","0.74","0.87","1.16","0.70","0.46","-","1.79","1.10","3.39","5.04","4.39","5.32","4.73","5.26","4.19"
"1983M09","2.70","2.60","2.89","7.44","5.95","3.03","1.11","0.94","0.70","0.99","1.00","1.39","0.48","-","1.39","0.99","2.30","5.11","4.48","5.40","5.08","5.42","4.72"
"1983M10","2.79","2.64","3.08","7.33","6.26","3.01","1.41","1.22","0.97","0.58","1.06","1.65","0.49","-","1.51","1.04","2.65","5.41","4.87","5.66","4.53","5.33","3.62"
"1983M11","2.34","2.31","2.39","5.76","5.63","2.60","1.21","0.98","0.72","0.51","0.79","1.21","0.59","-","1.33","0.90","2.35","4.50","4.31","4.58","3.81","4.31","3.24"
"1983M12","2.27","2.33","2.18","5.40","4.97","2.36","1.23","1.20","0.80","0.92","1.31","1.17","0.83","-","1.45","0.97","2.56","4.06","3.82","4.17","3.37","3.58","3.13"
"1984M01","2.34","2.39","2.25","4.67","5.72","2.51","1.45","0.84","0.68","0.69","1.34","1.64","0.96","-","1.41","1.09","2.14","4.26","4.19","4.29","3.71","3.87","3.53"
"1984M02","2.75","2.82","2.65","5.67","6.81","3.08","1.79","1.38","0.60","0.65","1.23","1.52","1.36","-","1.95","1.45","3.09","4.64","4.65","4.64","3.47","3.72","3.19"
"1984M03","2.09","2.06","2.15","4.58","5.76","2.23","1.13","0.69","0.67","0.43","1.22","0.85","0.38","-","1.31","0.89","2.27","3.98","3.98","3.97","2.71","3.48","1.82"
"1984M04","2.01","2.12","1.81","4.33","5.59","2.19","0.91","0.81","0.75","0.76","0.71","0.73","0.74","-","1.20","0.83","2.03","3.60","3.58","3.61","3.27","3.83","2.60"
"1984M05","2.11","2.12","2.10","3.68","5.87","2.60","1.43","0.69","0.81","0.55","0.74","0.62","0.54","-","1.32","0.88","2.32","3.89","3.14","4.22","2.78","3.13","2.39"
"1984M06","2.23","2.21","2.26","5.48","5.62","2.52","1.35","0.92","0.67","0.53","0.86","0.93","0.51","-","1.28","0.87","2.24","4.13","3.01","4.61","3.51","4.04","2.90"
"1984M07","2.52","2.38","2.76","6.96","6.11","2.57","1.09","1.23","0.80","0.70","0.75","0.93","0.06","-","1.37","0.89","2.47","4.50","3.49","4.94","4.61","4.60","4.63"
"1984M08","3.02","2.87","3.27","8.24","7.23","3.06","1.38","1.12","0.71","1.26","1.06","1.44","0.53","-","1.86","1.16","3.46","5.02","4.74","5.14","4.88","4.71","5.07"
"1984M09","3.03","2.91","3.23","8.19","7.59","2.87","1.47","1.37","0.99","0.76","1.12","0.94","1.06","-","1.86","1.19","3.37","4.84","4.56","4.95","5.34","5.59","5.05"
"1984M10","2.77","2.83","2.67","6.82","7.18","2.93","1.27","1.12","0.69","0.64","1.03","1.36","0.87","1.50","1.76","1.30","2.80","4.85","4.54","4.98","3.89","4.63","3.04"
"1984M11","2.25","2.29","2.17","5.27","6.11","2.58","1.11","0.95","0.50","0.78","0.76","0.43","0.76","-","1.33","0.82","2.49","3.68","4.10","3.51","4.10","4.60","3.55"
"1984M12","2.21","2.20","2.21","5.50","5.17","2.63","1.18","0.88","0.67","0.89","0.95","0.92","0.48","-","1.32","0.86","2.33","3.73","4.06","3.59","3.73","3.90","3.52"
"1985M01","2.03","1.88","2.28","5.32","5.08","2.15","1.15","0.78","0.76","0.72","0.67","0.88","0.18","0.20","1.30","0.85","2.30","3.54","3.75","3.44","2.67","3.01","2.30"
"1985M02","2.15","2.14","2.16","5.01","5.63","2.31","1.30","0.85","0.82","0.76","0.92","0.44","0.50","0.48","1.52","0.99","2.70","3.57","3.71","3.51","2.56","2.49","2.65"
"1985M03","2.49","2.56","2.37","5.77","6.14","2.54","1.74","1.14","1.18","0.46","1.15","1.25","1.36","-","1.85","1.34","2.98","3.79","3.67","3.84","3.25","3.46","3.01"
"1985M04","2.28","2.39","2.08","4.47","5.85","2.41","1.73","1.11","0.91","0.68","0.85","1.10","0.86","0.70","1.60","1.18","2.52","3.69","3.96","3.57","3.12","4.19","1.81"
"1985M05","2.57","2.75","2.24","5.56","5.64","3.52","1.69","1.29","1.16","0.86","1.29","0.87","0.38","-","1.97","1.40","3.24","3.98","3.91","4.01","2.96","3.09","2.79"
"1985M06","2.53","2.75","2.16","6.41","6.18","3.05","1.30","1.10","1.03","1.00","1.35","0.80","0.72","-","1.81","1.29","2.98","3.71","3.95","3.60","3.97","4.27","3.62"
"1985M07","3.44","3.44","3.44","9.63","8.23","3.30","2.19","1.40","1.28","0.86","1.05","1.63","1.09","0.37","2.03","1.41","3.38","5.54","4.76","5.87","6.37","6.77","5.85"
"1985M08","4.10","3.85","4.55","11.64","9.76","4.26","2.31","1.53","1.32","1.39","1.35","1.76","0.54","0.39","2.56","1.77","4.21","6.69","5.68","7.11","6.28","6.62","5.82"
"1985M09","3.62","3.48","3.86","11.04","8.41","3.69","1.90","1.28","1.39","1.43","1.46","1.36","0.53","-","2.22","1.56","3.57","6.23","5.60","6.48","5.04","5.89","3.95"
"1985M10","3.45","3.43","3.49","9.27","8.25","3.38","1.87","1.64","1.52","0.84","1.61","1.83","1.24","-","2.17","1.50","3.54","5.81","5.33","6.01","4.86","5.39","4.20"
"1985M11","3.28","3.24","3.35","8.04","8.39","3.01","2.35","1.37","1.49","0.88","1.76","1.19","1.15","-","2.18","1.67","3.22","5.36","4.92","5.53","4.50","4.82","4.12"
"1985M12","2.91","2.87","2.99","7.61","7.65","3.02","1.53","1.04","0.76","1.09","1.62","1.26","0.93","0.24","1.68","1.09","2.92","5.07","4.50","5.29","4.66","5.45","3.66"
"1986M01","2.53","2.60","2.41","5.97","6.47","2.71","1.49","1.23","0.96","1.02","0.92","1.01","1.24","0.35","1.51","0.95","2.69","4.41","4.62","4.33","3.55","4.05","2.94"
"1986M02","3.33","3.55","2.96","6.88","8.09","3.78","2.60","1.56","1.55","1.32","1.33","1.17","1.54","0.62","2.44","1.68","4.07","5.31","5.81","5.11","3.66","4.51","2.69"
"1986M03","2.79","2.96","2.50","6.24","7.20","3.16","1.63","1.43","1.44","1.05","1.11","0.77","0.72","0.50","1.80","1.14","3.23","4.68","4.32","4.83","3.86","4.42","3.20"
"1986M04","2.34","2.58","1.94","4.95","6.17","2.44","1.53","1.35","1.03","1.05","1.14","0.51","0.89","0.23","1.59","1.16","2.50","3.91","3.65","4.01","2.99","3.46","2.42"
"1986M05","2.34","2.44","2.15","4.77","6.20","2.72","1.50","1.22","0.99","0.46","0.97","0.93","1.26","0.31","1.63","1.11","2.71","3.89","4.02","3.84","2.93","2.92","2.93"
"1986M06","2.72","2.78","2.61","7.52","6.89","3.03","1.24","1.16","1.12","0.87","1.40","1.35","0.84","-","1.68","1.05","2.98","4.68","4.00","4.95","3.98","3.35","4.79"
"1986M07","2.93","2.96","2.87","8.47","6.87","3.37","1.54","1.36","1.21","1.03","0.95","0.67","0.32","0.42","1.64","1.04","2.87","4.93","3.74","5.40","4.98","5.07","4.86"
"1986M08","3.11","3.03","3.24","9.34","7.95","3.23","1.59","0.85","1.05","1.33","0.94","0.75","0.61","0.21","1.93","1.25","3.31","4.71","4.06","4.97","5.11","5.41","4.72"
"1986M09","2.96","2.91","3.05","8.78","7.50","3.03","1.44","1.27","1.06","1.14","0.86","0.83","1.01","0.19","1.74","1.22","2.78","4.94","4.67","5.05","4.31","4.55","4.03"
"1986M10","2.61","2.67","2.53","7.25","6.53","2.81","1.30","1.43","0.78","0.91","0.84","0.79","0.75","-","1.57","1.10","2.51","4.39","4.89","4.20","3.68","3.61","3.76"
"1986M11","2.33","2.38","2.24","5.90","6.08","2.61","1.18","1.13","0.85","1.01","0.69","0.69","0.63","-","1.56","1.02","2.64","3.70","3.43","3.80","3.02","3.22","2.76"
"1986M12","1.98","2.11","1.78","4.50","5.50","2.52","1.03","0.71","0.55","0.99","0.25","0.35","0.83","-","1.12","0.68","2.00","3.41","3.40","3.41","2.97","3.12","2.76"
"1987M01","1.92","2.04","1.72","4.10","5.15","2.25","1.00","0.78","0.68","0.96","0.57","1.13","0.97","0.23","1.11","0.73","1.89","3.44","3.77","3.31","2.51","3.21","1.62"
"1987M02","2.37","2.39","2.34","5.58","6.50","2.84","1.39","0.89","0.82","0.90","0.75","1.04","0.58","-","1.60","1.05","2.69","3.79","3.66","3.84","2.98","4.22","1.53"
"1987M03","2.03","2.06","1.97","4.80","5.68","2.42","1.14","0.93","0.66","0.79","0.85","0.45","0.33","-","1.23","0.81","2.07","3.54","3.29","3.64","2.58","3.10","1.97"
"1987M04","1.72","1.81","1.58","3.88","4.71","1.94","1.00","0.90","0.67","0.61","1.07","0.36","0.50","-","1.10","0.83","1.63","2.99","2.73","3.09","2.02","2.42","1.51"
"1987M05","1.94","2.07","1.73","4.96","5.55","1.72","1.10","1.05","0.82","0.68","0.97","0.57","1.06","0.27","1.44","0.96","2.39","3.15","2.63","3.36","1.85","1.82","1.89"
"1987M06","1.75","1.73","1.79","5.48","4.88","1.80","1.17","0.81","0.46","0.40","0.51","0.23","0.35","-","1.00","0.63","1.76","3.03","2.42","3.28","2.69","2.15","3.39"
"1987M07","2.02","1.93","2.15","6.78","5.63","2.40","0.77","0.62","0.32","0.54","0.30","0.30","0.41","-","1.06","0.56","2.06","3.33","2.54","3.63","3.56","3.63","3.48"
"1987M08","2.08","2.00","2.19","6.44","5.69","2.43","0.85","0.80","0.38","0.69","0.68","0.60","0.14","0.31","1.14","0.69","2.04","3.41","3.01","3.56","3.38","3.75","2.89"
"1987M09","2.07","1.92","2.31","7.44","5.80","1.90","1.05","0.83","0.53","0.40","0.57","0.66","-","-","1.13","0.55","2.27","3.59","3.32","3.69","2.95","2.67","3.30"
"1987M10","2.01","1.93","2.15","6.49","5.62","1.97","1.11","0.82","0.55","0.51","0.44","0.52","0.25","0.13","1.15","0.67","2.08","3.21","3.10","3.25","3.23","3.07","3.42"
"1987M11","1.86","1.78","1.98","5.28","5.02","1.94","0.95","0.78","0.89","0.62","0.39","0.76","0.33","0.35","1.10","0.69","1.88","3.02","2.91","3.07","2.70","2.84","2.52"
"1987M12","1.82","1.90","1.70","5.07","4.49","1.97","1.02","0.90","0.74","0.67","0.80","0.77","0.29","0.20","1.21","0.72","2.14","2.86","2.82","2.87","2.23","2.59","1.76"
"1988M01","1.77","1.88","1.58","4.09","4.60","1.99","1.29","0.85","0.59","0.65","0.62","0.71","0.48","-","1.08","0.73","1.74","2.87","2.89","2.87","2.40","2.69","2.03"
"1988M02","1.70","1.77","1.58","4.25","4.72","2.05","0.93","0.82","0.69","0.61","0.17","0.54","0.66","-","1.10","0.68","1.88","2.55","2.45","2.59","2.51","2.89","2.03"
"1988M03","1.79","1.82","1.73","5.07","5.06","2.00","1.05","0.83","0.65","0.67","0.59","0.29","0.38","-","1.26","0.77","2.19","2.62","1.94","2.89","2.33","2.92","1.60"
"1988M04","1.59","1.63","1.53","5.12","4.14","1.95","0.80","0.68","0.73","0.74","0.42","0.51","0.68","0.17","1.05","0.60","1.89","2.61","2.28","2.74","1.80","2.24","1.25"
"1988M05","1.74","1.79","1.67","4.48","5.00","2.40","0.93","0.68","0.85","0.50","0.42","0.29","0.59","0.37","1.09","0.61","1.99","2.91","2.45","3.09","2.11","2.55","1.55"
"1988M06","1.83","1.75","1.95","5.71","5.52","2.36","0.87","0.54","0.70","0.58","0.15","0.29","0.36","0.22","0.93","0.58","1.58","3.09","2.56","3.30","2.99","3.03","2.95"
"1988M07","1.94","1.83","2.12","5.91","5.61","2.08","1.18","0.74","0.61","0.74","0.39","0.26","0.13","0.14","0.96","0.67","1.51","2.94","2.27","3.21","3.77","3.69","3.86"
"1988M08","1.87","1.67","2.19","7.18","5.45","1.94","0.81","0.68","0.39","0.45","0.47","0.28","0.36","0.14","1.02","0.62","1.79","3.07","2.72","3.21","2.77","2.79","2.74"
"1988M09","1.62","1.51","1.81","6.18","4.58","1.77","0.86","0.49","0.44","0.34","0.33","0.34","0.51","-","0.95","0.51","1.75","2.67","2.28","2.83","2.11","2.25","1.95"
"1988M10","1.54","1.65","1.37","4.54","4.26","1.68","0.96","0.65","0.34","0.45","0.74","0.48","0.97","-","0.94","0.53","1.72","2.53","2.33","2.61","1.95","2.23","1.62"
"1988M11","1.48","1.60","1.30","4.36","4.36","1.46","0.85","0.80","0.33","0.56","0.38","0.49","0.79","0.16","0.98","0.56","1.76","2.23","1.96","2.33","1.95","2.18","1.68"
"1988M12","1.41","1.48","1.31","3.26","4.13","1.78","0.72","0.64","0.51","0.52","0.47","0.37","0.60","0.17","0.93","0.61","1.49","2.16","1.86","2.28","1.72","1.90","1.51"
"1989M01","1.35","1.50","1.10","2.94","3.61","1.68","0.64","0.70","0.83","0.63","0.42","0.50","0.39","0.90","0.95","0.67","1.45","2.11","2.43","2.00","1.33","1.31","1.36"
"1989M02","1.88","1.97","1.73","5.62","4.79","2.04","1.33","0.78","0.89","0.75","0.88","0.55","0.04","0.57","1.48","0.87","2.58","2.74","2.82","2.71","1.70","2.09","1.21"
"1989M03","1.46","1.43","1.51","4.16","4.17","1.99","0.89","0.57","0.26","0.60","0.45","0.05","0.22","0.29","0.90","0.52","1.59","2.52","2.51","2.52","1.51","1.83","1.13"
"1989M04","1.31","1.39","1.17","3.88","3.65","1.71","0.61","0.82","0.43","0.43","0.45","0.18","0.24","0.40","0.80","0.60","1.16","2.20","2.49","2.09","1.47","1.43","1.51"
"1989M05","1.50","1.55","1.43","4.79","3.74","2.33","0.86","0.79","0.50","0.51","0.29","0.33","0.22","-","1.02","0.70","1.61","2.35","2.65","2.23","1.68","2.15","1.09"
"1989M06","1.68","1.57","1.86","7.11","4.71","2.06","0.81","0.74","0.27","0.44","0.45","0.47","0.31","-","0.97","0.57","1.69","2.61","2.08","2.82","2.51","3.06","1.84"
"1989M07","1.76","1.55","2.11","6.26","5.64","1.77","0.91","0.57","0.58","0.51","0.26","0.35","0.10","-","0.85","0.46","1.54","2.82","2.23","3.05","2.98","2.69","3.35"
"1989M08","1.87","1.76","2.06","6.39","5.17","2.10","1.00","0.83","0.58","0.63","0.38","0.40","0.06","0.13","0.94","0.51","1.69","2.91","2.96","2.89","3.09","2.90","3.34"
"1989M09","1.72","1.70","1.75","5.96","4.89","1.96","0.86","0.75","0.38","0.85","0.35","0.77","0.09","-","0.92","0.62","1.43","2.69","2.57","2.74","2.71","2.91","2.45"
"1989M10","1.48","1.55","1.37","4.48","4.43","1.66","0.89","0.63","0.20","0.40","0.68","0.62","0.47","0.29","0.89","0.51","1.55","2.06","2.48","1.89","2.51","2.85","2.10"
"1989M11","1.45","1.52","1.33","4.42","4.17","1.78","1.02","0.50","0.39","0.47","0.40","0.38","0.35","0.28","0.82","0.49","1.43","2.27","2.36","2.24","2.11","2.32","1.85"
"1989M12","1.36","1.39","1.30","4.48","3.67","1.48","0.91","0.51","0.74","0.41","0.59","0.40","0.49","-","0.93","0.45","1.77","2.04","1.94","2.08","1.55","2.03","0.94"
"1990M01","1.31","1.34","1.25","3.52","3.51","1.45","0.75","0.93","0.88","0.38","0.43","0.60","0.08","-","0.91","0.51","1.60","1.90","2.29","1.75","1.50","1.86","1.05"
"1990M02","1.60","1.70","1.43","4.84","4.69","1.70","0.90","1.07","0.61","0.41","0.53","0.75","0.39","-","1.04","0.59","1.81","2.57","2.84","2.46","1.67","1.85","1.45"
"1990M03","1.51","1.60","1.36","4.00","4.47","1.81","1.11","0.66","0.61","0.52","0.52","0.37","0.28","0.14","0.96","0.47","1.79","2.31","2.06","2.42","1.84","2.34","1.25"
"1990M04","1.32","1.39","1.19","3.77","3.86","1.58","0.99","0.55","0.61","0.70","0.19","0.22","0.09","-","0.91","0.57","1.50","1.89","1.88","1.90","1.62","2.08","1.08"
"1990M05","1.48","1.53","1.39","4.91","4.20","1.45","1.14","0.67","1.09","0.49","0.42","0.29","0.30","-","1.02","0.71","1.56","2.35","1.94","2.52","1.38","1.66","1.03"
"1990M06","1.67","1.63","1.74","6.61","4.94","1.89","0.94","0.65","0.67","0.80","0.51","0.23","0.23","-","0.99","0.59","1.66","2.58","2.26","2.71","2.32","2.02","2.70"
"1990M07","1.96","1.96","1.98","7.51","5.47","2.28","0.91","0.92","0.50","0.94","0.77","0.46","-","-","1.05","0.61","1.79","2.87","2.24","3.15","3.23","2.69","3.94"
"1990M08","2.10","2.01","2.24","8.54","5.65","2.69","1.15","0.99","0.41","0.69","0.50","0.16","0.14","0.18","1.03","0.47","1.94","3.12","2.88","3.21","3.63","3.23","4.15"
"1990M09","1.98","1.86","2.19","8.18","5.68","2.34","1.13","0.92","0.63","0.64","0.42","0.15","0.23","-","1.01","0.60","1.69","2.86","2.71","2.92","3.49","3.84","3.01"
"1990M10","1.73","1.64","1.88","5.85","5.16","1.98","0.85","0.94","0.66","0.42","0.65","0.39","0.36","0.08","0.98","0.59","1.62","2.66","2.24","2.82","2.40","2.90","1.74"
"1990M11","1.80","1.86","1.69","5.20","5.33","2.02","1.05","1.09","0.54","0.86","0.83","0.36","0.23","-","1.21","0.72","2.04","2.65","2.92","2.54","2.13","2.46","1.68"
"1990M12","1.52","1.63","1.34","4.63","4.42","1.86","0.91","0.71","0.46","0.86","0.50","0.31","0.35","-","1.00","0.55","1.74","2.21","2.31","2.17","1.89","2.30","1.36"
"1991M01","1.37","1.46","1.21","3.85","3.93","1.77","0.81","0.58","0.74","0.57","0.70","0.07","0.26","-","0.88","0.48","1.51","2.01","2.10","1.97","1.75","1.91","1.54"
"1991M02","1.35","1.41","1.26","3.49","3.72","1.57","0.92","0.82","0.94","0.33","0.62","0.56","0.17","-","0.88","0.62","1.30","1.98","2.28","1.86","1.72","1.85","1.55"
"1991M03","1.39","1.51","1.16","3.59","3.57","1.98","0.86","0.87","0.48","0.53","0.53","1.02","0.27","-","1.05","0.72","1.58","2.06","1.65","2.23","1.23","1.46","0.93"
"1991M04","1.40","1.50","1.24","3.20","3.98","1.91","1.07","0.74","0.58","0.39","0.67","0.54","0.28","-","1.00","0.70","1.50","2.07","1.92","2.14","1.49","1.89","0.96"
"1991M05","1.43","1.58","1.19","3.44","4.26","1.77","1.08","0.70","0.50","0.79","0.86","0.28","0.41","0.19","0.98","0.55","1.69","2.05","2.21","1.99","1.78","2.04","1.44"
"1991M06","1.37","1.42","1.28","3.25","3.89","2.09","0.70","0.66","0.66","0.74","0.69","0.34","0.24","0.28","0.87","0.54","1.39","1.84","1.71","1.90","2.16","2.42","1.81"
"1991M07","1.82","1.64","2.13","7.11","5.17","2.30","0.91","0.90","0.73","0.57","0.43","0.38","0.15","0.17","1.04","0.58","1.77","2.47","2.16","2.59","3.14","2.78","3.61"
"1991M08","1.78","1.57","2.12","7.05","4.70","2.50","1.05","0.77","0.55","0.43","0.35","0.27","0.17","0.40","1.01","0.61","1.63","2.39","2.31","2.43","3.05","2.98","3.14"
"1991M09","1.79","1.62","2.07","7.52","5.15","2.17","0.89","0.76","0.64","0.40","0.49","0.51","0.58","-","1.13","0.61","1.95","2.49","2.31","2.57","2.44","2.79","1.97"
"1991M10","1.56","1.47","1.71","6.09","5.15","1.67","0.70","0.79","0.57","0.43","0.30","0.51","0.13","0.28","0.93","0.45","1.68","2.32","2.49","2.25","2.04","2.22","1.80"
"1991M11","1.49","1.43","1.59","4.73","4.98","1.68","0.96","0.72","0.55","0.40","0.34","0.32","0.07","-","0.87","0.45","1.55","2.28","2.27","2.28","1.93","2.29","1.44"
"1991M12","1.39","1.42","1.35","4.54","4.41","1.49","0.93","0.82","0.57","0.27","0.57","0.16","0.08","-","0.94","0.40","1.78","1.95","1.95","1.95","1.74","2.02","1.36"
"1992M01","1.37","1.39","1.33","4.27","4.21","1.79","0.84","0.54","0.43","0.51","0.60","0.49","0.24","0.30","0.87","0.54","1.38","1.94","1.90","1.95","1.83","2.09","1.49"
"1992M02","1.54","1.59","1.46","4.39","4.56","1.95","1.09","0.71","0.63","0.79","0.89","0.37","0.21","-","1.22","0.83","1.82","2.21","2.20","2.21","1.31","1.53","1.03"
"1992M03","1.38","1.41","1.31","3.86","4.32","1.94","0.97","0.63","0.47","0.28","0.67","0.41","0.30","-","0.88","0.55","1.36","2.14","2.09","2.16","1.48","1.53","1.41"
"1992M04","1.33","1.43","1.15","3.33","4.52","1.59","0.87","0.67","0.54","0.69","0.34","0.33","0.57","0.30","0.85","0.42","1.48","2.04","1.81","2.13","1.49","1.59","1.34"
"1992M05","1.40","1.43","1.35","3.00","4.86","1.93","0.99","0.73","0.53","0.57","0.16","0.25","0.21","-","0.81","0.41","1.41","2.18","2.07","2.22","1.78","2.04","1.40"
"1992M06","1.54","1.49","1.63","6.50","5.26","2.08","0.76","0.50","0.58","0.48","0.17","0.20","0.31","-","0.84","0.33","1.59","2.21","2.03","2.28","2.36","2.19","2.59"
"1992M07","1.76","1.64","1.94","7.07","5.48","2.16","1.35","0.58","0.49","0.34","0.42","0.18","0.34","-","0.92","0.34","1.76","2.46","2.30","2.52","2.87","2.36","3.53"
"1992M08","1.92","1.75","2.21","7.13","5.78","2.44","1.51","0.48","0.47","0.83","0.50","0.35","0.33","-","0.87","0.48","1.45","2.78","2.37","2.93","3.34","2.86","3.97"
"1992M09","1.72","1.58","1.93","6.33","5.64","2.15","0.99","0.64","0.62","0.52","0.45","0.27","0.16","0.21","0.89","0.45","1.55","2.46","2.62","2.40","2.71","2.85","2.51"
"1992M10","1.55","1.45","1.71","5.04","4.64","2.18","0.86","0.82","0.59","0.52","0.51","0.32","0.13","0.06","0.94","0.50","1.59","1.98","1.96","1.98","2.49","2.10","3.07"
"1992M11","1.36","1.38","1.34","3.98","3.84","2.12","0.77","0.84","0.47","0.43","0.48","0.36","0.14","0.06","0.85","0.46","1.42","1.64","1.62","1.65","2.32","1.93","2.90"
"1992M12","1.27","1.14","1.47","3.94","3.36","1.70","0.96","0.51","0.50","0.33","0.54","0.72","0.78","-","0.93","0.59","1.41","1.57","1.63","1.55","1.64","1.48","1.87"
"1993M01","1.23","1.22","1.25","2.62","4.56","1.58","0.78","0.35","0.53","0.25","0.64","0.36","0.18","0.26","0.71","0.40","1.14","1.63","1.92","1.52","1.87","2.21","1.39"
"1993M02","1.32","1.34","1.30","3.76","4.50","1.97","0.75","0.60","0.46","0.18","0.40","0.10","0.69","-","0.81","0.36","1.49","1.79","1.42","1.94","1.85","1.94","1.73"
"1993M03","1.34","1.29","1.42","3.48","4.11","1.59","1.26","0.78","0.66","0.36","0.46","0.36","-","0.14","0.91","0.59","1.38","1.80","1.83","1.80","1.71","1.64","1.80"
"1993M04","1.34","1.32","1.38","4.37","3.46","1.79","1.09","0.92","0.41","0.65","0.39","0.75","0.43","-","0.94","0.59","1.44","1.76","1.62","1.81","1.75","2.21","1.12"
"1993M05","1.29","1.28","1.30","3.67","4.27","1.74","0.79","0.71","0.51","0.39","0.41","0.41","0.36","0.16","0.83","0.38","1.50","1.79","1.76","1.80","1.68","2.11","1.09"
"1993M06","1.40","1.30","1.56","4.37","4.22","2.13","0.95","0.76","0.54","0.46","0.68","0.16","0.12","-","0.73","0.42","1.17","1.98","1.82","2.04","2.15","2.24","2.02"
"1993M07","1.71","1.43","2.17","6.14","5.87","2.51","0.86","0.57","0.53","0.52","0.36","0.21","0.18","-","0.90","0.38","1.61","2.12","1.90","2.20","3.01","2.48","3.69"
"1993M08","1.90","1.52","2.51","7.16","6.86","2.37","0.97","0.62","0.43","0.84","0.44","0.40","0.07","-","0.96","0.54","1.56","2.33","2.17","2.38","3.50","3.72","3.22"
"1993M09","1.58","1.44","1.80","6.48","4.57","2.35","0.94","0.69","0.52","0.59","0.55","0.35","0.19","0.21","0.85","0.57","1.25","2.01","1.98","2.02","2.63","2.81","2.39"
"1993M10","1.58","1.52","1.68","6.26","4.52","2.03","1.25","0.70","0.70","0.40","0.21","0.84","0.08","0.22","0.86","0.44","1.45","2.25","2.27","2.25","2.20","2.17","2.23"
"1993M11","1.39","1.37","1.41","4.85","4.33","1.72","1.02","0.78","0.46","0.53","0.20","0.43","0.16","-","0.82","0.41","1.37","1.88","1.72","1.94","1.95","1.79","2.17"
"1993M12","1.24","1.24","1.25","3.56","3.82","1.48","0.81","0.69","0.55","0.57","0.69","0.37","0.57","0.23","0.82","0.54","1.20","1.62","1.41","1.69","1.65","1.66","1.65"
"1994M01","1.20","1.20","1.21","3.50","3.91","1.58","0.73","0.74","0.55","0.43","0.16","0.18","0.33","0.27","0.76","0.38","1.26","1.60","1.57","1.61","1.59","1.64","1.54"
"1994M02","1.66","1.69","1.61","4.43","4.64","2.31","1.40","0.94","0.88","0.62","0.42","0.42","0.31","0.38","1.34","0.74","2.15","1.99","2.10","1.95","1.90","1.91","1.88"
"1994M03","1.52","1.64","1.34","4.24","4.28","1.98","1.22","0.76","0.80","1.09","0.31","0.63","0.04","0.13","1.04","0.70","1.51","2.04","1.83","2.12","1.90","1.90","1.91"
"1994M04","1.38","1.40","1.34","3.55","4.44","2.13","1.08","0.56","0.66","0.42","0.23","0.34","0.10","-","0.94","0.43","1.66","1.80","1.73","1.83","1.80","1.85","1.73"
"1994M05","1.43","1.48","1.35","4.10","4.57","1.88","0.99","0.64","0.71","0.64","0.56","0.63","0.45","-","1.03","0.61","1.59","1.87","1.56","1.99","1.74","1.59","1.95"
"1994M06","1.53","1.52","1.56","4.14","4.86","2.31","1.21","0.54","0.58","0.62","0.80","0.53","0.37","-","0.87","0.65","1.17","1.98","1.84","2.03","2.39","2.15","2.72"
"1994M07","1.85","1.57","2.31","6.77","5.24","2.70","1.55","0.64","0.66","0.62","0.65","0.26","0.36","0.06","1.03","0.62","1.58","2.30","1.94","2.42","3.06","2.58","3.71"
"1994M08","1.99","1.69","2.46","7.82","5.62","2.59","1.49","0.81","0.73","0.63","0.57","0.64","0.40","0.20","1.17","0.72","1.80","2.45","2.38","2.48","3.09","2.99","3.23"
"1994M09","1.65","1.58","1.77","6.07","5.12","2.27","1.19","0.85","0.51","0.34","0.61","0.41","0.16","-","1.01","0.59","1.60","1.94","1.97","1.93","2.62","2.47","2.82"
"1994M10","1.62","1.53","1.77","5.09","5.19","2.16","1.22","0.76","0.70","0.61","0.36","0.48","0.16","0.06","0.97","0.58","1.49","2.00","1.58","2.15","2.48","2.71","2.16"
"1994M11","1.48","1.47","1.50","4.17","4.02","2.31","1.05","0.92","0.50","0.79","0.41","0.39","0.34","0.26","0.94","0.69","1.27","1.84","1.50","1.95","2.15","1.96","2.40"
"1994M12","1.41","1.34","1.53","4.59","4.12","2.01","1.13","0.67","0.51","0.38","0.38","0.23","0.46","0.17","0.87","0.51","1.33","1.92","1.68","2.00","1.84","1.57","2.20"
"1995M01","1.38","1.30","1.51","4.48","4.03","2.06","1.04","0.63","0.42","0.52","0.44","0.36","0.47","0.13","0.92","0.51","1.44","1.89","1.73","1.94","1.60","1.62","1.58"
"1995M02","1.70","1.74","1.64","5.60","4.24","2.65","1.37","0.93","0.74","0.58","0.52","0.65","0.55","0.10","1.47","0.83","2.29","1.91","2.05","1.86","1.93","2.12","1.67"
"1995M03","1.53","1.63","1.35","4.20","4.09","2.11","1.57","0.86","0.69","0.53","0.58","0.28","0.69","-","1.00","0.59","1.53","2.07","2.30","1.99","1.88","2.00","1.72"
"1995M04","1.53","1.63","1.38","3.35","4.29","1.79","1.43","0.90","0.93","1.06","0.82","0.38","0.29","-","1.03","0.64","1.53","2.11","1.91","2.17","1.77","1.74","1.81"
"1995M05","1.63","1.66","1.58","4.18","4.97","2.02","1.32","1.20","0.77","0.79","0.86","0.26","0.23","-","1.12","0.56","1.85","2.23","2.57","2.11","1.81","1.79","1.85"
"1995M06","1.77","1.83","1.68","5.16","6.23","2.51","1.00","0.96","0.93","0.80","0.71","0.27","0.12","-","1.13","0.59","1.82","2.19","2.57","2.05","2.54","2.18","3.03"
"1995M07","1.95","1.83","2.14","6.73","6.37","2.86","1.41","0.91","0.72","0.48","0.54","0.36","0.28","0.20","1.06","0.58","1.67","2.39","2.06","2.49","3.18","3.09","3.28"
"1995M08","2.09","1.84","2.49","8.58","6.72","3.10","1.08","0.96","0.84","0.69","0.43","0.18","0.15","0.50","1.12","0.58","1.83","2.53","2.27","2.61","3.45","3.61","3.25"
"1995M09","2.03","1.94","2.18","6.71","5.80","3.10","1.53","1.05","0.90","0.72","0.97","0.25","0.29","-","1.18","0.68","1.83","2.55","2.10","2.71","3.02","2.75","3.38"
"1995M10","2.02","2.10","1.90","6.92","5.00","3.22","1.60","1.07","1.04","0.71","0.98","0.29","0.28","0.11","1.30","0.79","1.95","2.44","1.90","2.63","2.90","2.64","3.24"
"1995M11","1.95","2.05","1.78","5.44","5.12","2.61","1.62","1.26","0.84","1.19","0.75","1.01","0.23","0.26","1.51","0.96","2.21","2.19","1.85","2.31","2.48","2.34","2.66"
"1995M12","1.90","1.88","1.95","4.92","5.23","2.63","1.30","1.26","1.05","1.21","0.79","0.73","0.16","0.16","1.32","1.02","1.71","2.44","2.12","2.55","2.26","2.15","2.42"
"1996M01","2.03","2.15","1.84","4.68","4.88","3.04","1.46","1.54","1.16","1.37","0.81","0.93","0.27","0.24","1.45","1.05","1.95","2.39","2.29","2.42","2.68","2.35","3.11"
"1996M02","2.10","2.28","1.81","5.11","5.22","3.01","1.75","1.47","1.11","1.16","0.97","0.88","0.53","0.20","1.78","1.22","2.46","2.23","2.01","2.30","2.56","2.61","2.50"
"1996M03","2.24","2.48","1.87","4.83","7.00","3.34","1.88","1.26","1.12","1.25","0.49","0.61","0.38","-","1.66","1.17","2.26","2.74","2.60","2.79","2.63","3.00","2.14"
"1996M04","2.21","2.44","1.86","5.48","5.66","3.40","1.67","1.50","1.39","1.63","0.62","0.83","0.14","-","1.81","1.25","2.51","2.53","2.50","2.54","2.52","2.59","2.43"
"1996M05","2.35","2.51","2.11","4.90","6.15","3.60","2.10","1.55","1.46","1.13","1.26","0.68","0.92","0.15","1.83","1.21","2.61","3.00","3.40","2.86","2.41","2.46","2.34"
"1996M06","2.60","2.77","2.34","7.41","7.18","3.43","2.16","1.68","1.71","1.43","1.38","0.55","0.62","0.29","2.10","1.34","3.05","3.00","2.86","3.05","2.97","3.05","2.85"
"1996M07","2.97","2.93","3.03","9.56","8.60","3.85","2.36","1.55","1.40","1.53","1.15","1.18","0.97","0.11","2.27","1.53","3.21","3.14","2.63","3.32","4.05","3.91","4.25"
"1996M08","3.19","3.14","3.28","11.41","7.98","4.33","2.73","1.66","1.76","1.32","1.31","1.47","0.73","-","2.40","1.69","3.29","3.53","2.94","3.74","4.19","4.25","4.10"
"1996M09","3.03","3.03","3.03","8.84","7.78","4.63","2.22","1.81","1.69","1.27","1.66","1.00","0.42","-","2.19","1.47","3.08","3.46","3.25","3.53","3.93","3.72","4.21"
"1996M10","3.05","3.09","2.98","8.82","8.07","3.77","2.60","1.84","1.48","1.60","1.97","1.50","0.50","0.44","2.32","1.63","3.14","3.53","3.53","3.53","3.64","3.68","3.58"
"1996M11","2.86","3.02","2.61","9.54","6.57","3.85","2.05","2.09","1.66","1.48","1.45","1.56","1.27","0.35","2.20","1.56","2.97","3.41","3.01","3.54","3.22","3.17","3.29"
"1996M12","2.60","2.81","2.28","8.07","5.48","3.53","1.97","1.90","1.99","1.29","1.38","1.42","0.99","-","2.23","1.73","2.82","3.00","2.82","3.07","2.70","2.73","2.66"
"1997M01","2.68","2.83","2.43","6.99","6.36","3.25","2.02","2.34","1.61","1.66","1.87","1.11","0.98","0.64","2.45","1.86","3.14","3.05","2.79","3.13","2.55","2.89","2.09"
"1997M02","2.97","3.28","2.49","7.93","7.03","3.83","2.66","2.02","1.81","2.20","1.68","0.94","1.23","0.09","2.87","2.16","3.70","3.18","3.60","3.04","2.85","3.16","2.44"
"1997M03","2.79","3.12","2.28","7.20","6.64","4.04","2.63","1.61","1.74","1.82","1.23","1.19","0.95","0.43","2.49","1.76","3.34","3.02","3.44","2.87","2.99","3.34","2.53"
"1997M04","2.59","2.88","2.15","6.40","5.89","4.05","1.86","1.78","2.06","1.44","1.29","1.19","0.92","0.43","2.31","1.62","3.14","2.96","2.89","2.98","2.55","2.88","2.11"
"1997M05","2.51","2.82","2.05","6.04","5.71","3.57","2.01","1.71","2.09","1.40","1.78","1.26","0.80","0.29","2.34","1.79","3.01","2.90","2.69","2.98","2.26","2.35","2.15"
"1997M06","2.67","2.99","2.19","8.11","7.05","3.63","2.21","1.89","1.36","1.25","1.70","1.41","0.93","0.27","2.20","1.63","2.88","3.31","3.17","3.36","2.59","2.62","2.56"
"1997M07","2.85","2.94","2.72","8.19","8.16","3.68","1.92","1.76","1.77","1.57","1.86","1.47","0.33","0.11","2.36","1.65","3.21","3.16","3.10","3.18","3.27","3.19","3.37"
"1997M08","3.03","3.10","2.93","9.33","8.27","4.09","2.03","1.96","1.38","1.61","2.11","1.36","0.57","-","2.58","1.72","3.59","3.11","2.68","3.26","3.68","3.60","3.79"
"1997M09","2.84","3.05","2.51","9.12","6.93","3.75","2.10","1.92","1.37","1.53","2.16","1.44","0.73","-","2.74","1.70","3.95","2.96","2.42","3.15","2.85","2.84","2.86"
"1997M10","2.63","2.78","2.40","7.10","6.51","3.58","1.86","1.94","1.45","1.55","1.76","1.29","0.57","0.26","2.38","1.67","3.21","3.00","2.79","3.08","2.55","2.64","2.43"
"1997M11","2.60","2.83","2.22","5.70","6.48","3.52","2.03","1.75","1.38","1.83","2.01","1.50","0.62","0.71","2.42","1.86","3.08","2.90","2.65","3.00","2.47","2.18","2.85"
"1997M12","2.45","2.70","2.06","5.69","5.92","3.17","2.43","1.43","1.49","1.48","1.69","1.59","0.98","0.10","2.27","1.83","2.78","2.64","2.52","2.68","2.48","2.60","2.33"
"1998M01","2.35","2.52","2.07","5.46","5.90","2.98","2.38","1.46","1.47","1.39","1.61","1.12","0.63","0.08","2.13","1.55","2.81","2.61","2.59","2.62","2.34","2.72","1.83"
"1998M02","2.57","2.80","2.20","5.96","6.28","3.51","2.10","1.88","1.58","2.08","1.39","0.96","0.71","-","2.25","1.74","2.84","2.98","3.24","2.89","2.51","2.72","2.22"
"1998M03","2.34","2.67","1.82","6.50","5.91","3.27","2.08","1.50","1.31","1.85","1.17","0.49","0.45","0.14","1.91","1.32","2.57","2.85","2.70","2.90","2.35","2.66","1.95"
"1998M04","2.29","2.53","1.91","6.05","5.81","3.01","2.05","1.51","1.18","1.67","2.00","0.96","0.34","0.11","1.90","1.41","2.45","2.81","1.99","3.11","2.20","2.42","1.92"
"1998M05","2.37","2.73","1.80","6.49","5.72","3.56","1.70","1.79","1.42","1.16","1.76","1.48","0.64","0.50","2.10","1.46","2.82","2.86","2.37","3.03","2.11","2.25","1.94"
"1998M06","2.70","2.95","2.32","9.77","6.86","3.92","1.77","1.98","1.60","1.01","1.90","1.61","0.68","0.46","2.18","1.60","2.82","2.94","2.54","3.09","3.23","2.96","3.57"
"1998M07","2.93","2.88","3.01","9.76","9.31","4.04","1.82","1.45","1.73","1.19","0.93","1.71","0.99","0.08","2.09","1.49","2.75","3.29","2.90","3.43","3.78","3.30","4.41"
"1998M08","3.05","3.00","3.12","10.60","8.84","3.96","1.83","1.72","1.77","1.86","1.34","1.40","0.78","0.27","2.37","1.79","2.99","3.43","3.06","3.57","3.60","3.67","3.51"
"1998M09","2.98","3.23","2.61","10.23","7.69","3.86","1.97","1.70","1.93","2.20","1.76","1.31","0.81","0.08","2.61","1.82","3.46","3.31","3.51","3.23","3.13","3.60","2.51"
"1998M10","2.98","3.26","2.56","9.96","7.66","3.96","2.13","1.90","1.87","1.85","2.03","0.72","0.81","0.41","2.63","1.75","3.56","3.49","3.51","3.48","2.84","2.95","2.69"
"1998M11","2.93","3.31","2.36","9.45","7.41","3.80","2.38","2.16","1.62","1.75","1.74","1.08","0.64","0.08","2.52","1.84","3.23","3.49","3.39","3.52","2.81","2.93","2.65"
"1998M12","2.80","3.21","2.18","8.13","6.48","3.43","2.56","2.12","1.76","1.68","1.58","1.66","0.74","0.12","2.71","2.14","3.30","2.98","2.37","3.20","2.68","2.61","2.78"
"1999M01","2.76","3.15","2.16","7.87","5.99","3.58","2.78","1.99","1.87","1.44","1.63","1.61","0.50","0.09","2.74","1.90","3.61","2.81","2.43","2.94","2.73","2.78","2.66"
"1999M02","2.73","3.09","2.18","7.19","6.04","3.71","2.55","1.94","1.75","1.84","1.76","1.19","0.58","-","2.59","1.99","3.21","2.90","2.61","3.01","2.69","3.00","2.29"
"1999M03","2.84","3.38","2.03","6.93","5.94","3.86","2.50","2.14","1.98","1.89","2.23","1.51","1.06","0.28","2.67","2.23","3.13","3.25","3.11","3.30","2.54","2.88","2.09"
"1999M04","2.75","3.16","2.11","7.45","5.49","3.82","2.47","2.21","1.75","2.02","1.52","1.45","1.11","0.31","2.56","2.09","3.04","3.31","2.82","3.49","2.26","2.65","1.74"
"1999M05","2.84","3.24","2.23","6.85","5.96","3.99","2.46","2.18","1.94","2.06","1.61","1.48","1.34","0.55","2.66","2.03","3.31","3.31","2.69","3.53","2.45","2.61","2.25"
"1999M06","2.92","3.23","2.46","8.93","6.94","4.18","2.48","1.98","1.77","1.87","1.52","1.11","0.97","0.44","2.49","1.77","3.21","3.20","2.78","3.35","3.18","3.11","3.27"
"1999M07","3.11","3.27","2.86","10.13","8.34","3.95","2.20","1.94","1.86","2.02","1.82","1.14","1.00","0.37","2.50","1.86","3.14","3.36","3.05","3.48","3.63","3.38","3.96"
"1999M08","3.22","3.38","2.97","11.07","8.76","3.98","2.36","1.97","1.96","1.92","1.63","1.41","0.82","0.53","2.73","2.05","3.40","3.43","3.32","3.47","3.63","3.75","3.48"
"1999M09","3.08","3.20","2.90","11.67","7.66","3.76","2.12","2.15","2.08","1.81","1.76","1.40","0.53","0.56","2.75","1.89","3.58","3.35","3.04","3.46","3.19","3.54","2.73"
"1999M10","3.05","3.24","2.77","11.12","7.40","3.61","2.24","2.11","1.92","1.97","2.08","1.27","0.88","0.45","2.79","1.96","3.59","3.35","2.85","3.52","3.03","3.40","2.53"
"1999M11","2.94","3.18","2.59","9.94","6.82","3.62","2.38","2.12","1.81","2.02","2.05","1.15","1.00","-","2.60","2.11","3.07","3.30","3.26","3.31","2.95","3.16","2.67"
"1999M12","2.85","3.29","2.20","8.43","6.40","3.73","2.50","2.19","1.81","1.86","1.82","1.46","0.62","-","2.56","2.04","3.05","3.23","3.09","3.28","2.78","2.92","2.58"
"2000M01","2.74","3.24","1.97","8.28","5.66","3.53","2.37","2.34","1.84","1.61","1.72","1.74","0.80","0.30","2.58","1.94","3.20","3.10","3.17","3.08","2.47","2.74","2.11"
"2000M02","2.91","3.35","2.24","7.64","6.45","3.72","2.64","2.23","2.08","1.90","1.93","1.60","0.63","0.53","2.91","2.20","3.60","3.21","2.91","3.32","2.51","2.64","2.34"
"2000M03","2.83","3.38","1.99","7.16","6.57","3.54","2.55","2.08","1.96","1.92","1.99","1.59","0.65","0.15","2.76","2.01","3.48","3.29","2.81","3.45","2.31","2.52","2.02"
"2000M04","2.73","3.18","2.05","6.79","6.70","3.67","2.35","2.13","1.66","1.70","1.56","1.53","0.88","0.50","2.61","1.83","3.36","3.24","2.45","3.52","2.23","2.27","2.18"
"2000M05","2.78","3.26","2.07","7.11","6.09","3.87","2.22","2.28","1.82","1.85","1.86","1.81","0.84","0.45","2.64","2.01","3.25","3.16","2.57","3.37","2.48","2.56","2.38"
"2000M06","2.89","3.30","2.28","8.55","6.70","3.97","2.37","2.20","1.91","1.72","1.75","1.92","0.65","-","2.57","1.86","3.25","3.19","2.87","3.30","2.95","2.67","3.31"
"2000M07","3.06","3.34","2.65","10.17","7.69","3.79","2.50","2.08","2.06","1.86","1.61","1.41","1.05","-","2.71","1.90","3.47","3.23","2.71","3.40","3.32","2.91","3.86"
"2000M08","3.16","3.35","2.89","11.27","8.04","3.75","2.60","2.08","2.12","2.02","1.48","1.44","0.88","-","2.80","1.90","3.63","3.37","3.07","3.48","3.38","3.37","3.40"
"2000M09","3.10","3.29","2.81","11.00","7.25","4.05","2.69","1.98","1.90","1.96","1.94","1.28","1.07","0.18","2.75","1.96","3.49","3.42","3.07","3.54","3.15","3.45","2.76"
"2000M10","3.19","3.41","2.85","10.36","7.25","3.99","2.83","2.30","2.00","2.01","1.96","1.46","1.27","0.40","3.00","2.24","3.72","3.54","3.16","3.68","2.97","3.28","2.56"
"2000M11","3.23","3.60","2.69","9.86","7.17","3.74","2.95","2.50","2.14","2.21","2.11","1.81","1.18","0.20","3.02","2.30","3.70","3.65","3.28","3.78","2.97","3.24","2.61"
"2000M12","3.27","3.66","2.70","9.75","7.01","3.63","3.04","2.65","2.25","2.38","2.22","1.70","1.17","0.13","3.19","2.51","3.83","3.70","3.39","3.81","2.82","3.07","2.49"
"2001M01","3.35","3.81","2.67","10.59","7.21","3.89","3.13","2.66","2.18","2.59","2.06","1.58","1.24","-","3.41","2.74","4.04","3.83","3.52","3.94","2.66","2.95","2.29"
"2001M02","3.73","4.26","2.94","10.72","7.74","4.27","3.61","2.88","2.54","3.04","2.61","2.24","1.12","0.09","3.93","3.10","4.70","4.23","4.21","4.23","2.84","3.20","2.37"
"2001M03","3.89","4.46","3.04","9.54","8.04","4.82","3.75","3.06","2.82","2.95","2.89","2.02","1.07","0.10","4.17","3.17","5.07","4.35","4.32","4.36","2.95","3.39","2.37"
"2001M04","3.96","4.60","3.00","9.84","8.41","4.86","3.66","3.24","2.94","2.82","2.85","2.25","1.30","0.13","4.23","3.15","5.21","4.39","4.09","4.49","3.05","3.46","2.53"
"2001M05","4.22","4.91","3.21","11.10","8.99","4.94","3.84","3.53","3.22","3.11","2.94","2.56","1.52","0.13","4.59","3.45","5.61","4.65","4.21","4.80","3.20","3.46","2.86"
"2001M06","4.51","5.09","3.65","13.25","9.41","5.37","3.98","3.93","3.46","3.33","2.83","2.52","1.60","-","4.85","3.69","5.88","4.89","4.37","5.06","3.60","3.67","3.51"
"2001M07","4.92","5.43","4.18","16.55","10.78","5.59","4.42","4.02","3.60","3.41","3.21","2.30","1.52","0.21","5.00","3.77","6.10","5.45","5.10","5.58","4.15","4.21","4.07"
"2001M08","5.17","5.67","4.45","17.31","11.24","5.94","4.86","4.22","3.74","3.45","3.42","2.41","1.02","-","5.11","3.85","6.26","5.80","5.58","5.87","4.46","4.60","4.27"
"2001M09","5.26","5.79","4.49","17.38","11.07","6.20","4.95","4.32","3.83","3.62","3.53","2.52","1.33","-","5.25","3.84","6.54","5.94","5.65","6.04","4.41","4.75","3.95"
"2001M10","5.33","5.91","4.48","17.29","11.35","6.33","4.84","4.44","3.83","3.63","3.67","2.58","1.46","-","5.35","3.91","6.68","6.09","5.89","6.16","4.34","4.72","3.83"
"2001M11","5.28","5.97","4.28","15.20","10.92","6.65","4.70","4.22","4.07","3.89","3.39","2.89","1.16","0.02","5.34","4.06","6.52","5.93","5.78","5.99","4.41","4.79","3.91"
"2001M12","5.22","5.99","4.10","14.86","10.42","6.66","4.50","4.06","4.07","4.22","3.45","3.09","1.56","-","5.28","4.03","6.43","5.80","5.64","5.85","4.44","5.00","3.71"
"2002M01","5.14","5.98","3.91","14.18","10.38","6.29","4.68","3.86","4.06","4.38","3.43","2.65","1.79","-","5.18","3.93","6.34","5.82","5.72","5.86","4.24","4.79","3.52"
"2002M02","5.12","6.01","3.82","13.57","10.50","6.15","4.96","3.79","4.11","4.19","3.65","2.46","1.44","0.30","5.12","4.03","6.13","5.88","5.66","5.96","4.17","4.57","3.66"
"2002M03","5.16","5.93","4.05","12.10","10.91","6.06","5.02","3.92","4.27","4.13","3.76","2.83","1.10","0.29","5.33","4.11","6.43","5.87","5.74","5.91","4.10","4.38","3.74"
"2002M04","4.98","5.82","3.77","10.89","10.70","6.03","4.79","3.88","4.18","3.80","3.62","2.61","0.78","-","5.19","3.90","6.35","5.75","5.41","5.86","3.79","4.26","3.19"
"2002M05","5.02","5.87","3.78","12.15","10.96","6.17","4.62","3.91","4.02","3.78","3.56","2.75","1.19","0.12","5.31","4.02","6.46","5.75","5.20","5.93","3.79","4.23","3.22"
"2002M06","5.11","5.91","3.96","14.10","11.40","6.53","4.47","3.71","4.08","3.68","3.67","2.77","1.47","0.25","5.26","4.14","6.27","5.82","5.42","5.95","4.07","4.43","3.61"
"2002M07","5.23","5.96","4.19","15.60","12.35","6.24","4.53","3.85","4.17","3.44","3.66","2.83","1.60","0.07","5.03","4.00","5.97","5.95","5.87","5.98","4.58","4.76","4.37"
"2002M08","5.35","6.02","4.39","16.37","12.78","6.67","4.75","3.79","3.73","3.72","3.50","2.85","1.55","-","4.91","3.79","5.93","6.14","5.97","6.19","4.89","5.05","4.69"
"2002M09","5.32","5.97","4.39","16.98","12.44","6.85","4.87","3.85","3.55","3.53","3.56","3.09","1.23","0.24","5.07","3.87","6.17","6.11","5.59","6.29","4.63","4.77","4.46"
"2002M10","5.31","5.87","4.50","17.33","11.91","6.97","4.74","3.87","3.64","3.58","3.71","2.99","1.54","0.28","5.11","3.73","6.36","6.17","5.52","6.39","4.48","4.58","4.36"
"2002M11","5.22","5.82","4.34","16.96","10.98","6.92","4.33","3.98","3.94","3.84","3.63","2.90","1.89","-","5.12","3.62","6.48","5.97","5.29","6.20","4.41","4.67","4.09"
"2002M12","5.04","5.74","4.04","14.58","10.40","6.66","4.00","4.01","4.19","4.04","3.42","2.66","1.78","-","4.97","3.28","6.50","5.78","5.16","5.99","4.24","4.69","3.68"
"2003M01","5.03","5.75","4.00","13.14","10.46","6.24","4.31","3.83","3.98","4.31","3.83","3.04","2.04","0.19","5.07","3.60","6.40","5.92","5.25","6.14","3.91","4.33","3.40"
"2003M02","5.17","5.89","4.14","11.61","10.69","6.08","5.00","3.84","4.30","4.45","4.10","3.21","1.81","0.21","5.34","3.96","6.58","6.06","5.36","6.29","3.94","4.44","3.32"
"2003M03","5.08","5.71","4.18","10.93","10.98","6.10","4.69","4.07","4.04","3.90","4.13","3.44","1.90","0.04","5.30","4.22","6.28","5.93","5.48","6.07","3.83","4.20","3.37"
"2003M04","4.92","5.47","4.13","11.17","10.51","5.94","4.10","4.10","3.74","4.07","3.87","3.98","2.41","0.06","5.30","3.95","6.49","5.64","5.07","5.83","3.66","4.02","3.22"
"2003M05","4.98","5.62","4.08","11.59","10.45","6.25","3.85","3.89","4.05","4.20","3.94","4.48","2.70","0.14","5.55","4.29","6.65","5.54","5.03","5.71","3.73","4.15","3.23"
"2003M06","5.09","5.69","4.24","13.90","10.64","6.46","3.69","3.69","4.33","4.24","4.15","4.75","2.75","0.13","5.64","4.61","6.55","5.54","5.42","5.58","3.98","4.34","3.56"
"2003M07","5.16","5.54","4.62","16.86","11.78","6.59","4.03","3.52","3.86","3.79","3.79","4.37","2.48","0.05","5.18","4.13","6.10","5.64","5.82","5.58","4.57","4.70","4.42"
"2003M08","5.21","5.60","4.67","17.16","11.58","6.91","4.32","3.58","3.67","3.91","3.28","4.39","3.04","0.21","5.15","4.19","5.99","5.67","5.94","5.57","4.76","4.85","4.66"
"2003M09","5.05","5.42","4.54","16.68","11.52","6.78","3.99","3.41","3.38","3.98","3.53","3.72","3.43","0.14","4.91","4.21","5.53","5.45","5.39","5.48","4.74","4.71","4.77"
"2003M10","4.92","5.28","4.41","15.58","11.27","6.59","4.03","3.15","3.46","3.78","3.76","3.30","2.76","0.27","4.83","3.97","5.58","5.42","5.04","5.54","4.42","4.30","4.56"
"2003M11","4.71","5.12","4.13","13.89","11.04","5.86","3.80","3.21","3.66","3.61","3.50","3.24","3.31","0.09","4.97","4.11","5.72","5.21","4.83","5.33","3.87","4.02","3.69"
"2003M12","4.58","5.08","3.88","12.72","10.49","5.38","4.05","3.07","3.80","3.44","3.45","3.36","3.67","0.16","4.76","4.01","5.42","5.24","4.68","5.43","3.64","3.75","3.51"
"2004M01","4.53","5.03","3.85","12.00","10.30","5.46","4.26","3.01","3.65","3.51","3.56","3.07","2.53","-","4.89","3.85","5.80","4.99","4.10","5.28","3.66","3.77","3.55"
"2004M02","4.61","5.07","3.97","11.12","10.72","5.81","4.37","3.02","3.57","3.43","3.58","3.37","2.49","0.14","4.72","3.72","5.59","5.14","4.34","5.40","3.89","4.11","3.64"
"2004M03","4.45","4.80","3.95","10.60","9.96","5.90","4.02","3.08","3.35","3.38","3.70","3.08","2.25","-","4.35","3.46","5.11","5.00","4.68","5.11","3.91","4.13","3.67"
"2004M04","4.36","4.72","3.85","10.37","9.65","5.97","3.83","3.00","3.46","3.14","3.90","2.62","1.87","-","4.25","3.24","5.10","4.85","5.05","4.79","3.92","4.09","3.72"
"2004M05","4.41","4.84","3.81","11.42","9.85","6.01","3.82","3.05","3.41","3.24","3.81","2.97","1.37","0.10","4.16","2.93","5.19","4.89","4.75","4.94","4.09","4.29","3.87"
"2004M06","4.54","5.02","3.88","14.15","10.60","6.16","3.87","3.16","3.06","3.38","3.51","3.46","1.82","0.13","4.29","3.19","5.23","5.06","4.85","5.12","4.20","4.34","4.05"
"2004M07","4.62","4.91","4.21","14.66","11.62","5.97","3.96","2.94","2.79","3.27","3.72","3.21","2.51","0.15","4.31","3.49","5.00","5.00","4.32","5.22","4.47","4.17","4.80"
"2004M08","4.67","4.89","4.36","16.95","11.01","6.11","4.05","3.41","2.93","2.97","3.68","2.63","2.49","0.17","4.19","3.39","4.85","5.13","4.51","5.33","4.58","4.20","4.99"
"2004M09","4.50","4.79","4.09","17.31","11.08","5.37","3.58","3.48","2.89","3.15","3.33","3.23","2.90","-","4.25","3.30","5.05","4.81","4.44","4.92","4.38","4.19","4.58"
"2004M10","4.31","4.70","3.76","13.38","10.47","5.55","3.33","3.19","3.02","3.27","3.18","3.13","2.05","0.12","4.17","3.04","5.11","4.50","4.75","4.41","4.24","4.01","4.48"
"2004M11","4.14","4.58","3.52","11.43","10.16","4.97","3.49","3.03","3.06","3.03","3.49","2.84","1.85","-","4.13","3.30","4.81","4.46","4.32","4.50","3.80","3.46","4.16"
"2004M12","4.09","4.58","3.41","11.14","9.82","4.96","3.76","3.10","3.02","2.87","3.30","2.59","2.11","-","4.06","3.28","4.71","4.59","4.09","4.75","3.57","3.46","3.69"
"2005M01","4.06","4.48","3.47","10.87","9.58","5.08","3.83","2.88","3.03","2.98","3.04","2.77","2.23","0.28","3.78","3.20","4.26","4.62","4.20","4.75","3.68","3.67","3.69"
"2005M02","4.28","4.62","3.80","11.33","9.51","5.52","3.83","3.17","3.24","3.06","3.51","3.38","2.62","0.38","4.29","3.74","4.75","4.68","4.62","4.70","3.83","3.88","3.77"
"2005M03","4.15","4.51","3.66","10.39","9.26","5.63","3.56","3.05","3.31","3.12","3.21","2.75","2.85","0.04","4.07","3.16","4.81","4.61","4.79","4.56","3.73","3.60","3.86"
"2005M04","4.04","4.34","3.62","9.34","9.37","5.35","3.50","2.83","3.16","3.35","3.20","2.34","2.51","0.32","3.93","2.74","4.90","4.48","5.02","4.30","3.68","3.58","3.77"
"2005M05","4.10","4.28","3.86","10.78","9.75","5.53","3.44","2.70","3.15","3.34","3.07","2.71","2.69","0.39","4.08","2.76","5.15","4.29","4.37","4.27","3.92","3.86","3.99"
"2005M06","4.22","4.33","4.08","12.86","10.58","5.73","3.49","2.67","3.01","3.17","3.13","2.82","2.78","0.40","3.90","2.62","4.94","4.46","3.91","4.64","4.23","4.00","4.47"
"2005M07","4.32","4.42","4.18","13.83","12.11","5.90","3.65","2.85","2.62","2.90","2.75","2.86","1.71","0.59","3.67","2.44","4.68","4.53","3.70","4.79","4.63","4.20","5.07"
"2005M08","4.36","4.40","4.30","14.44","11.62","6.25","3.60","3.07","2.50","2.76","2.73","2.67","2.15","0.62","3.68","2.26","4.81","4.61","4.19","4.74","4.66","4.09","5.20"
"2005M09","4.14","4.09","4.21","14.55","11.68","6.13","3.50","2.78","2.50","2.59","2.33","2.18","1.68","0.15","3.32","2.14","4.26","4.74","4.69","4.76","4.20","3.57","4.80"
"2005M10","4.07","4.07","4.07","12.26","11.01","6.10","3.63","2.59","2.56","2.57","2.47","2.35","1.15","0.87","3.44","2.38","4.28","4.67","4.87","4.61","3.96","3.84","4.07"
"2005M11","3.94","4.07","3.77","11.33","10.10","6.07","3.68","2.63","2.29","2.42","2.74","2.41","1.09","0.32","3.30","2.31","4.08","4.53","4.67","4.49","3.85","3.73","3.96"
"2005M12","3.86","4.13","3.49","10.57","9.40","5.60","3.80","2.83","2.35","2.44","2.83","2.41","1.25","0.88","3.61","2.62","4.38","4.20","4.27","4.18","3.71","3.37","4.04"
"2006M01","3.80","4.04","3.48","10.37","9.29","5.77","3.66","2.66","2.42","2.37","2.34","2.77","2.14","0.10","3.46","2.69","4.06","4.07","4.16","4.05","3.80","3.39","4.17"
"2006M02","3.92","4.20","3.53","10.07","9.41","6.09","3.79","3.11","2.55","2.14","2.53","2.76","1.79","-","3.39","2.89","3.77","4.36","4.34","4.36","3.88","3.44","4.30"
"2006M03","3.87","4.09","3.58","9.99","9.26","5.68","3.81","3.20","2.70","2.32","2.58","2.32","1.55","0.14","3.30","2.50","3.90","4.44","4.32","4.48","3.75","3.30","4.16"
"2006M04","3.78","4.02","3.45","8.56","9.44","5.58","3.87","2.84","2.42","2.45","2.40","2.41","1.79","0.72","3.47","2.42","4.26","4.22","3.99","4.30","3.58","3.43","3.72"
"2006M05","3.84","4.10","3.48","9.22","10.11","5.90","3.86","2.69","2.23","2.52","2.32","2.59","1.61","0.26","3.30","2.05","4.26","4.27","3.97","4.36","3.82","3.55","4.07"
"2006M06","3.98","4.13","3.78","11.97","10.95","6.24","3.74","2.92","2.10","2.37","2.41","2.16","2.14","0.30","3.16","2.19","3.90","4.40","4.01","4.52","4.19","3.80","4.54"
"2006M07","4.05","4.13","3.94","12.27","11.12","6.46","3.60","2.92","2.31","2.35","2.27","2.23","1.80","0.09","2.79","2.16","3.28","4.63","4.40","4.70","4.40","3.84","4.91"
"2006M08","4.09","4.10","4.08","12.68","10.76","6.38","3.54","3.07","2.56","2.14","2.48","2.27","2.21","0.50","2.63","2.00","3.11","4.79","4.66","4.83","4.47","3.74","5.10"
"2006M09","3.96","4.01","3.89","13.12","10.91","5.93","3.67","2.94","2.34","2.27","2.64","1.92","1.31","0.03","2.96","1.98","3.71","4.49","4.36","4.53","4.17","3.67","4.59"
"2006M10","3.90","3.97","3.79","13.14","10.42","5.73","4.00","2.76","2.42","2.12","2.68","1.67","1.39","0.09","3.30","2.25","4.08","4.29","4.09","4.35","3.95","3.62","4.23"
"2006M11","3.86","3.87","3.85","12.33","10.02","5.60","4.11","2.62","2.38","2.36","2.75","1.91","0.72","0.40","3.38","2.18","4.27","4.21","3.77","4.35","3.86","3.47","4.19"
"2006M12","3.81","3.94","3.65","12.71","9.41","5.67","3.99","2.64","2.42","2.33","2.60","2.17","0.79","0.66","3.33","2.39","4.03","4.15","3.49","4.36","3.83","3.36","4.22"
"2007M01","3.79","3.97","3.55","10.64","8.93","5.80","4.02","2.73","2.55","2.21","2.72","2.19","1.16","0.71","3.18","2.49","3.69","4.13","3.64","4.28","3.90","3.45","4.28"
"2007M02","3.78","3.96","3.54","9.42","9.31","5.65","3.80","2.91","2.67","2.24","2.59","2.30","1.72","-","3.18","2.27","3.84","4.13","3.41","4.35","3.87","3.29","4.36"
"2007M03","3.94","4.13","3.68","10.31","10.19","5.75","3.74","3.12","3.00","2.40","2.34","2.42","1.70","-","3.46","2.42","4.21","4.33","3.91","4.46","3.90","3.54","4.20"
"2007M04","3.83","4.00","3.60","8.56","9.69","5.90","3.85","2.87","3.08","2.28","2.14","2.20","1.35","-","3.31","2.16","4.14","4.16","3.84","4.26","3.87","3.46","4.22"
"2007M05","3.87","3.99","3.71","8.54","9.85","6.17","3.81","2.93","3.13","2.26","2.20","1.86","1.34","0.05","3.40","2.01","4.38","4.27","3.87","4.39","3.82","3.52","4.07"
"2007M06","3.96","4.11","3.75","12.63","10.41","6.11","3.93","2.78","2.85","2.38","2.42","1.88","1.16","0.63","3.52","2.47","4.27","4.36","3.78","4.54","3.88","3.44","4.24"
"2007M07","4.03","4.10","3.93","12.94","11.00","6.19","3.87","2.60","2.93","2.60","2.21","2.03","0.73","0.11","3.18","2.36","3.77","4.45","4.11","4.56","4.20","3.60","4.70"
"2007M08","4.09","4.05","4.15","13.53","11.73","6.04","3.75","2.67","2.61","2.82","2.39","1.83","1.64","-","3.01","2.27","3.54","4.62","4.58","4.63","4.32","3.53","4.96"
"2007M09","3.99","4.00","3.98","13.15","12.04","5.60","3.93","2.90","2.57","2.60","2.40","1.53","0.80","-","2.91","2.17","3.46","4.49","4.88","4.37","4.24","3.31","4.97"
"2007M10","3.92","4.11","3.67","12.00","11.47","5.65","4.00","2.70","2.75","2.52","2.38","1.41","0.95","0.21","3.04","2.12","3.71","4.48","4.31","4.54","3.98","3.04","4.71"
"2007M11","3.87","4.13","3.54","10.54","11.33","5.73","3.90","2.48","2.80","2.56","2.02","1.88","1.52","0.10","3.15","2.08","3.91","4.26","3.87","4.38","3.99","3.07","4.71"
"2007M12","3.83","4.07","3.53","9.97","10.76","5.79","3.83","2.41","2.75","2.72","2.08","1.97","1.43","0.10","3.32","2.32","4.03","4.02","3.43","4.21","3.99","3.12","4.66"
"2008M01","3.80","4.08","3.43","8.95","10.23","5.70","3.95","2.50","2.63","2.84","2.18","2.13","1.46","0.07","3.47","2.44","4.19","3.95","3.77","4.01","3.88","3.17","4.43"
"2008M02","3.94","4.25","3.52","8.90","10.81","5.81","3.87","2.95","2.56","2.99","2.29","2.28","1.89","0.13","3.77","2.92","4.36","4.05","3.48","4.23","3.95","3.23","4.49"
"2008M03","3.86","4.15","3.48","9.26","11.09","5.92","3.55","2.81","2.38","2.73","2.40","2.36","1.50","0.25","3.70","2.76","4.35","3.95","3.67","4.04","3.88","3.10","4.48"
"2008M04","3.81","4.03","3.52","8.05","10.85","6.03","3.71","2.62","2.33","2.89","2.40","2.05","1.01","0.10","3.58","2.31","4.46","3.88","4.05","3.83","3.89","3.30","4.34"
"2008M05","3.84","3.96","3.67","9.47","10.53","6.22","3.66","2.74","2.51","2.74","2.19","2.24","1.03","0.23","3.62","2.63","4.30","4.06","4.27","3.99","3.78","3.12","4.28"
"2008M06","3.95","4.12","3.73","12.22","11.29","6.17","3.61","2.94","2.63","2.51","2.27","2.44","0.55","0.72","3.53","2.49","4.26","4.21","4.49","4.12","3.98","3.26","4.51"
"2008M07","4.06","4.24","3.83","12.09","12.87","6.28","3.74","2.75","2.64","2.36","2.44","2.01","0.48","0.26","3.51","2.11","4.48","4.19","4.54","4.07","4.29","3.28","5.03"
"2008M08","4.14","4.21","4.06","13.51","13.30","6.58","3.59","2.76","2.57","2.08","2.59","1.93","1.32","0.08","3.38","2.02","4.33","4.29","4.61","4.18","4.47","3.37","5.26"
"2008M09","4.27","4.37","4.14","14.72","13.08","6.53","3.94","3.05","2.50","2.52","2.69","2.18","1.71","0.17","3.74","2.73","4.45","4.54","4.80","4.46","4.35","3.54","4.94"
"2008M10","4.37","4.63","4.02","12.72","12.80","6.84","4.16","2.98","2.37","2.84","3.14","2.46","1.95","-","3.76","2.71","4.48","4.72","4.59","4.76","4.43","3.73","4.93"
"2008M11","4.64","5.06","4.10","13.21","12.79","7.26","4.27","3.32","2.78","3.03","3.50","3.00","1.57","-","4.17","3.16","4.87","4.92","4.90","4.92","4.69","3.89","5.25"
"2008M12","5.03","5.51","4.41","13.06","13.04","7.23","4.62","4.22","3.61","3.60","3.65","2.85","2.00","0.10","4.92","3.69","5.77","5.31","5.19","5.34","4.87","4.29","5.28"
"2009M01","5.31","5.89","4.56","14.36","13.44","7.71","5.15","4.43","3.65","3.83","3.84","3.11","1.87","0.10","5.10","3.73","6.02","5.84","5.71","5.89","4.99","4.60","5.26"
"2009M02","5.75","6.38","4.93","15.83","14.32","8.40","5.79","4.53","3.93","4.24","4.14","3.62","1.83","-","5.84","4.28","6.89","6.19","6.07","6.23","5.33","5.05","5.52"
"2009M03","5.81","6.46","4.95","14.83","14.28","8.56","5.91","4.60","4.00","4.43","4.03","3.78","1.86","-","5.97","4.37","7.04","6.16","6.18","6.16","5.42","5.13","5.62"
"2009M04","5.76","6.45","4.85","12.71","13.84","8.63","5.90","4.47","4.08","4.58","4.04","3.66","1.80","0.11","5.97","4.54","6.93","6.05","6.06","6.05","5.39","5.06","5.62"
"2009M05","5.82","6.48","4.95","13.17","13.66","8.82","6.23","4.44","4.07","4.51","4.19","3.52","1.89","0.16","6.15","4.79","7.05","6.13","6.01","6.16","5.38","5.02","5.63"
"2009M06","5.94","6.64","5.01","15.12","14.85","8.67","5.99","4.79","4.25","4.38","4.36","3.48","2.02","0.18","6.14","4.68","7.11","6.27","6.21","6.29","5.54","5.08","5.86"
"2009M07","6.07","6.81","5.11","14.38","15.77","9.03","5.80","5.06","4.38","4.37","4.14","3.75","2.05","-","6.21","4.76","7.16","6.33","6.23","6.36","5.79","5.14","6.22"
"2009M08","6.13","6.82","5.24","13.20","16.28","9.21","5.87","5.11","4.34","4.25","4.20","3.75","1.75","0.36","6.11","4.63","7.08","6.39","6.14","6.47","5.93","5.22","6.41"
"2009M09","6.04","6.68","5.21","13.73","15.87","9.22","5.92","4.85","4.40","4.10","4.29","3.34","1.87","0.34","5.82","4.33","6.80","6.37","6.15","6.44","5.89","5.05","6.46"
"2009M10","5.96","6.67","5.03","12.26","15.34","9.06","5.90","4.71","4.64","3.98","4.21","3.45","2.48","0.29","5.80","4.21","6.85","6.24","6.27","6.23","5.82","4.84","6.47"
"2009M11","5.86","6.57","4.94","11.97","14.63","9.00","5.76","4.46","4.51","4.15","4.12","3.67","2.49","-","5.62","4.07","6.65","6.19","6.01","6.25","5.72","4.68","6.41"
"2009M12","5.74","6.49","4.76","11.41","13.82","8.89","5.63","4.28","4.53","4.37","4.10","3.39","2.08","-","5.35","3.80","6.39","6.15","5.81","6.25","5.62","4.72","6.21"
"2010M01","5.68","6.37","4.79","11.23","13.60","8.59","5.68","4.41","4.47","4.36","4.10","3.61","1.75","0.12","5.31","3.87","6.26","6.14","5.71","6.27","5.52","4.78","6.01"
"2010M02","5.76","6.55","4.72","11.00","13.68","8.54","5.93","4.63","4.56","4.35","4.20","3.67","1.66","0.43","5.41","3.92","6.41","6.17","6.04","6.21","5.61","5.12","5.94"
"2010M03","5.67","6.50","4.60","10.67","13.65","8.62","5.80","4.51","4.46","4.12","4.03","3.77","1.59","0.37","5.33","3.75","6.37","6.01","5.84","6.07","5.58","5.15","5.86"
"2010M04","5.39","6.09","4.47","10.43","13.02","8.33","5.53","4.57","4.03","3.85","3.57","3.62","1.73","-","5.04","3.48","6.06","5.82","5.49","5.93","5.23","4.80","5.52"
"2010M05","5.14","5.73","4.38","10.99","12.65","7.94","5.37","4.27","3.68","3.76","3.46","3.18","1.53","-","4.82","3.24","5.85","5.56","5.21","5.67","4.98","4.54","5.27"
"2010M06","5.16","5.74","4.40","11.68","13.05","7.99","5.19","4.12","3.61","3.89","3.52","3.02","1.87","0.19","4.86","3.14","5.98","5.49","5.14","5.60","5.04","4.36","5.49"
"2010M07","5.20","5.71","4.55","11.26","13.58","8.15","5.27","4.20","3.47","4.05","3.43","2.70","1.62","-","4.80","2.97","5.99","5.55","5.21","5.66","5.13","4.18","5.74"
"2010M08","5.17","5.66","4.54","11.44","14.09","8.28","5.13","4.07","3.44","3.81","3.27","2.56","1.23","0.56","4.76","3.05","5.86","5.48","5.38","5.51","5.13","4.19","5.73"
"2010M09","5.05","5.59","4.35","12.70","14.50","7.91","4.83","3.93","3.48","3.71","3.27","2.45","1.30","0.11","4.58","3.09","5.54","5.37","5.49","5.33","5.04","3.90","5.76"
"2010M10","4.92","5.40","4.30","10.51","14.14","8.12","4.48","3.68","3.42","3.68","3.07","2.68","1.19","0.14","4.37","2.94","5.29","5.26","5.34","5.24","4.93","3.81","5.63"
"2010M11","4.73","5.15","4.20","9.54","13.43","7.72","4.48","3.40","3.30","3.63","2.97","2.72","1.34","0.20","4.32","2.93","5.21","5.10","5.12","5.09","4.66","3.62","5.32"
"2010M12","4.67","5.13","4.08","9.64","12.67","7.61","4.60","3.37","3.29","3.47","3.08","2.82","1.24","0.15","4.30","2.86","5.22","5.05","5.23","4.99","4.56","3.51","5.22"
"2011M01","4.64","5.06","4.11","10.59","12.60","7.56","4.77","3.50","3.23","3.33","2.96","2.56","1.00","0.08","4.21","2.80","5.12","4.97","5.26","4.88","4.60","3.55","5.25"
"2011M02","4.69","5.15","4.10","11.97","13.03","7.46","4.86","3.67","3.17","3.20","2.77","2.90","1.43","-","4.22","2.89","5.08","4.95","5.05","4.92","4.71","3.66","5.37"
"2011M03","4.48","4.89","3.95","11.88","12.52","7.33","4.51","3.50","3.03","2.98","2.61","2.58","1.88","0.20","4.09","2.77","4.94","4.70","4.74","4.68","4.50","3.51","5.12"
"2011M04","4.29","4.59","3.91","11.31","12.37","7.22","4.11","3.22","2.95","3.01","2.61","2.20","1.41","0.18","3.76","2.49","4.56","4.70","4.61","4.73","4.24","3.32","4.80"
"2011M05","4.27","4.59","3.86","10.25","12.00","7.28","4.22","3.14","2.91","3.10","2.48","2.19","1.76","0.21","3.67","2.46","4.44","4.61","4.36","4.70","4.30","3.36","4.88"
"2011M06","4.35","4.65","3.95","11.26","12.71","7.10","4.30","3.23","2.83","2.93","2.66","2.57","1.79","0.25","3.58","2.55","4.24","4.61","4.58","4.62","4.52","3.46","5.17"
"2011M07","4.41","4.68","4.06","11.24","13.25","6.96","4.20","3.28","3.04","3.00","2.81","2.47","1.55","0.11","3.54","2.51","4.20","4.67","4.67","4.67","4.63","3.50","5.31"
"2011M08","4.45","4.68","4.15","11.72","13.58","7.14","4.06","3.33","2.96","2.98","2.67","2.57","1.63","0.19","3.56","2.46","4.27","4.68","4.57","4.71","4.70","3.39","5.47"
"2011M09","4.28","4.59","3.89","11.53","12.97","6.74","4.17","3.17","3.03","2.87","2.48","2.42","1.71","0.21","3.32","2.26","3.99","4.52","4.64","4.48","4.56","3.30","5.31"
"2011M10","4.30","4.63","3.88","11.61","12.84","6.89","4.23","3.19","3.07","2.77","2.57","2.39","1.71","0.22","3.44","2.35","4.13","4.56","4.88","4.45","4.52","3.26","5.26"
"2011M11","4.28","4.58","3.89","11.07","12.49","6.86","4.24","3.25","3.02","2.92","2.74","2.12","1.57","0.12","3.50","2.43","4.18","4.51","4.82","4.40","4.47","3.29","5.17"
"2011M12","4.18","4.47","3.81","10.10","12.10","6.75","4.13","3.33","2.96","2.79","2.56","2.35","1.35","0.09","3.37","2.27","4.07","4.46","4.88","4.32","4.35","3.21","5.01"
"2012M01","4.18","4.43","3.87","10.72","11.81","6.88","4.25","3.35","2.87","2.70","2.43","2.40","1.65","0.17","3.36","2.35","4.01","4.47","4.96","4.31","4.35","3.09","5.09"
"2012M02","4.25","4.54","3.89","11.19","12.24","7.05","4.39","3.44","2.75","2.64","2.39","2.51","1.77","0.20","3.40","2.44","4.01","4.47","4.82","4.36","4.49","3.20","5.24"
"2012M03","4.17","4.49","3.77","10.27","12.57","7.14","4.40","3.21","2.62","2.42","2.39","2.29","1.59","0.18","3.41","2.22","4.16","4.32","4.63","4.22","4.41","3.17","5.14"
"2012M04","4.10","4.40","3.72","9.53","12.15","6.89","4.42","3.15","2.77","2.32","2.57","2.11","1.63","0.13","3.46","2.33","4.16","4.21","4.39","4.16","4.32","3.14","5.01"
"2012M05","4.12","4.40","3.76","9.29","12.19","7.02","4.59","3.07","2.88","2.45","2.26","1.89","1.84","0.06","3.48","2.30","4.21","4.15","4.29","4.11","4.40","3.26","5.05"
"2012M06","4.21","4.48","3.87","9.68","12.84","6.93","4.45","3.26","2.77","2.58","2.55","2.03","1.81","0.19","3.58","2.20","4.43","4.13","4.42","4.03","4.57","3.18","5.36"
"2012M07","4.31","4.52","4.03","10.05","13.51","7.27","4.37","3.45","2.70","2.70","2.34","1.89","1.73","0.20","3.49","2.20","4.30","4.19","4.53","4.08","4.76","3.20","5.64"
"2012M08","4.40","4.56","4.20","9.31","14.41","7.38","4.36","3.48","2.81","2.59","2.28","2.11","1.66","0.23","3.55","2.36","4.31","4.23","4.36","4.18","4.92","3.26","5.84"
"2012M09","4.32","4.53","4.04","9.84","14.21","7.21","4.23","3.50","2.89","2.47","2.09","2.24","1.61","0.21","3.62","2.38","4.40","4.13","4.19","4.11","4.77","3.15","5.68"
"2012M10","4.33","4.55","4.06","9.61","14.26","7.20","4.13","3.57","2.85","2.51","2.27","2.15","1.88","0.13","3.69","2.35","4.53","4.15","4.30","4.10","4.75","3.26","5.58"
"2012M11","4.27","4.53","3.93","9.73","14.06","7.08","4.20","3.48","2.67","2.56","2.26","2.09","1.70","0.20","3.67","2.40","4.47","4.11","4.27","4.06","4.65","3.17","5.48"
"2012M12","4.18","4.41","3.88","8.28","13.58","6.92","4.25","3.43","2.54","2.66","2.39","1.98","1.38","0.19","3.54","2.31","4.32","4.12","4.20","4.10","4.50","3.09","5.29"
"2013M01","4.16","4.44","3.81","8.53","13.22","6.90","4.28","3.49","2.42","2.73","2.30","2.20","1.46","0.19","3.65","2.49","4.37","4.14","4.09","4.16","4.41","3.10","5.13"
"2013M02","4.24","4.54","3.85","9.45","13.58","7.11","4.17","3.53","2.48","2.76","2.42","2.32","1.28","0.21","3.74","2.48","4.51","4.20","4.21","4.20","4.49","3.05","5.29"
"2013M03","4.17","4.44","3.81","8.62","13.35","7.18","4.12","3.34","2.62","2.65","2.27","2.19","1.48","0.17","3.59","2.32","4.37","4.13","4.24","4.10","4.45","3.11","5.19"
"2013M04","4.07","4.39","3.66","9.59","13.04","6.87","4.13","3.40","2.44","2.51","2.15","2.29","1.42","0.17","3.52","2.23","4.31","4.06","4.23","4.00","4.32","3.06","5.02"
"2013M05","4.06","4.42","3.60","9.91","12.74","6.95","4.21","3.48","2.50","2.42","2.14","2.03","1.41","0.13","3.60","2.17","4.47","4.00","4.33","3.89","4.30","3.11","4.96"
"2013M06","4.14","4.46","3.73","9.58","13.34","7.13","4.18","3.31","2.63","2.56","2.22","2.19","1.18","0.18","3.53","2.13","4.39","4.05","4.42","3.93","4.47","3.02","5.25"
"2013M07","4.25","4.51","3.91","9.66","14.05","7.30","4.23","3.37","2.50","2.50","2.29","2.33","1.35","0.20","3.54","2.24","4.34","4.08","4.43","3.96","4.67","3.11","5.51"
"2013M08","4.33","4.58","4.00","10.00","14.77","7.28","4.24","3.42","2.37","2.67","2.47","2.16","1.41","0.08","3.48","2.26","4.23","4.13","4.32","4.06","4.83","3.23","5.68"
"2013M09","4.24","4.47","3.94","10.07","14.57","7.16","4.23","3.29","2.53","2.61","2.32","2.02","1.29","0.05","3.37","2.21","4.08","4.18","4.34","4.13","4.65","3.15","5.45"
"2013M10","4.24","4.49","3.93","10.35","14.46","7.25","4.29","3.41","2.56","2.54","2.20","1.92","1.31","0.18","3.47","2.20","4.24","4.18","4.21","4.16","4.61","3.22","5.35"
"2013M11","4.16","4.46","3.77","10.40","14.08","7.21","4.24","3.22","2.44","2.57","2.19","2.02","1.07","0.03","3.49","2.33","4.18","4.11","4.17","4.09","4.47","3.07","5.21"
"2013M12","4.08","4.43","3.63","9.63","13.66","7.03","4.12","3.15","2.59","2.53","2.12","2.09","1.26","0.14","3.37","2.36","3.98","4.08","4.07","4.08","4.37","3.10","5.03"
"2014M01","4.02","4.41","3.52","9.67","13.18","6.84","4.00","3.21","2.63","2.48","2.30","2.20","1.08","0.17","3.43","2.27","4.11","3.98","3.85","4.02","4.29","3.11","4.90"
"2014M02","4.09","4.54","3.52","9.87","13.38","7.08","4.07","3.33","2.59","2.60","2.19","2.23","1.31","-","3.53","2.28","4.27","3.97","3.99","3.97","4.40","3.20","5.03"
"2014M03","4.03","4.36","3.60","8.41","13.23","7.01","4.01","3.51","2.65","2.45","2.03","2.10","1.43","0.16","3.51","2.31","4.21","3.84","3.76","3.86","4.38","3.22","4.98"
"2014M04","3.91","4.29","3.43","8.69","12.84","6.91","3.97","3.32","2.51","2.37","1.94","2.00","1.39","0.15","3.35","2.20","4.02","3.80","3.88","3.78","4.21","3.06","4.80"
"2014M05","3.85","4.21","3.40","8.21","12.35","6.85","4.10","3.22","2.65","2.39","1.86","1.95","1.16","-","3.34","2.15","4.03","3.72","3.75","3.71","4.16","3.10","4.70"
"2014M06","3.92","4.23","3.53","8.55","12.88","6.85","4.03","3.25","2.71","2.34","2.00","2.11","1.22","0.16","3.22","2.05","3.90","3.77","3.74","3.78","4.30","3.11","4.91"
